/home/techpark-6/BLUEFISH_AI-BACKEND/api/routes_map.py:48: FastAPIDeprecationWarning: `regex` has been deprecated, please use `pattern` instead
  date: str = Query(
/home/techpark-6/BLUEFISH_AI-BACKEND/api/routes_map.py:92: FastAPIDeprecationWarning: `regex` has been deprecated, please use `pattern` instead
  target_date: str = Query(..., regex=r"^\d{4}-\d{2}-\d{2}$"),
/home/techpark-6/BLUEFISH_AI-BACKEND/api/routes_map.py:125: FastAPIDeprecationWarning: `regex` has been deprecated, please use `pattern` instead
  date: str = Query(
/home/techpark-6/BLUEFISH_AI-BACKEND/api/routes_map.py:164: FastAPIDeprecationWarning: `regex` has been deprecated, please use `pattern` instead
  date: str = Query(
/home/techpark-6/BLUEFISH_AI-BACKEND/api/routes_map.py:192: FastAPIDeprecationWarning: `regex` has been deprecated, please use `pattern` instead
  date: str = Query(
/home/techpark-6/BLUEFISH_AI-BACKEND/api/routes_tools.py:79: FastAPIDeprecationWarning: `regex` has been deprecated, please use `pattern` instead
  date: str = Query(..., regex=r"^\d{4}-\d{2}-\d{2}$"),
/home/techpark-6/BLUEFISH_AI-BACKEND/api/routes_tools.py:104: FastAPIDeprecationWarning: `regex` has been deprecated, please use `pattern` instead
  date: Optional[str] = Query(default=None, regex=r"^\d{4}-\d{2}-\d{2}$"),
INFO:     Started server process [323762]
INFO:     Waiting for application startup.
2026-08-17T15:25:57 | INFO     | bluefish.main | ============================================================
2026-08-17T15:25:57 | INFO     | bluefish.main | BlueFish AI Backend starting up...
2026-08-17T15:25:57 | INFO     | bluefish.main | ============================================================
2026-08-17T15:25:57 | INFO     | bluefish.database | Initializing Supabase client...
2026-08-17T15:25:57 | INFO     | bluefish.database | Supabase client initialized successfully.
2026-08-17T15:25:57 | INFO     | bluefish.main | ✓ Supabase client initialized.
2026-08-17T15:25:57 | INFO     | bluefish.redis | Connecting to Redis (sync): redis://defulat:Q1mln2ojxmhHDrI1GUtqgB45dSb2U7F0@fruitful-spring-voluminous-87639.db.redis.io:16057
2026-08-17T15:25:57 | INFO     | bluefish.redis | Redis sync client ready.
2026-08-17T15:25:58 | WARNING  | bluefish.main | Redis sync connection failed: invalid username-password pair. Fleet agent will be degraded.
2026-08-17T15:25:58 | INFO     | bluefish.redis | Connecting to Redis (async): redis://defulat:Q1mln2ojxmhHDrI1GUtqgB45dSb2U7F0@fruitful-spring-voluminous-87639.db.redis.io:16057
2026-08-17T15:25:58 | INFO     | bluefish.redis | Redis async client ready.
2026-08-17T15:25:58 | INFO     | bluefish.main | ✓ Redis async client connected.
2026-08-17T15:25:58 | INFO     | bluefish.model_loader | Downloading model1/stage1_presence.onnx from bucket 'ml-models'...
2026-08-17T15:25:59 | INFO     | httpx | HTTP Request: GET https://dvimlywgukplssjkgvks.supabase.co/storage/v1/object/ml-models/model1/stage1_presence.onnx "HTTP/2 400 Bad Request"
2026-08-17T15:25:59 | ERROR    | bluefish.model_loader | Failed to download model1/stage1_presence.onnx: {'statusCode': 404, 'error': not_found, 'message': Object not found}
2026-08-17T15:25:59 | INFO     | bluefish.model_loader | Downloading model1/stage2_intensity.onnx from bucket 'ml-models'...
2026-08-17T15:26:00 | INFO     | httpx | HTTP Request: GET https://dvimlywgukplssjkgvks.supabase.co/storage/v1/object/ml-models/model1/stage2_intensity.onnx "HTTP/2 400 Bad Request"
2026-08-17T15:26:00 | ERROR    | bluefish.model_loader | Failed to download model1/stage2_intensity.onnx: {'statusCode': 404, 'error': not_found, 'message': Object not found}
2026-08-17T15:26:00 | ERROR    | bluefish.model_loader | MODEL LOAD FAILED: model1 — Failed to download ONNX artifacts from Supabase Storage.
2026-08-17T15:26:00 | ERROR    | bluefish.model_loader | MODEL LOAD FAILED: model2 — No module named 'numpy'
2026-08-17T15:26:00 | INFO     | bluefish.model_loader | Downloading model3/model3_seq2seq_lstm.pt from bucket 'ml-models'...
2026-08-17T15:26:00 | INFO     | httpx | HTTP Request: GET https://dvimlywgukplssjkgvks.supabase.co/storage/v1/object/ml-models/model3/model3_seq2seq_lstm.pt "HTTP/2 400 Bad Request"
2026-08-17T15:26:00 | ERROR    | bluefish.model_loader | Failed to download model3/model3_seq2seq_lstm.pt: {'statusCode': 404, 'error': not_found, 'message': Object not found}
2026-08-17T15:26:00 | ERROR    | bluefish.model_loader | MODEL LOAD FAILED: model3 — Failed to download PyTorch checkpoint.
2026-08-17T15:26:00 | INFO     | bluefish.model_loader | Downloading model4/tft_model.ckpt from bucket 'ml-models'...
2026-08-17T15:26:00 | INFO     | httpx | HTTP Request: GET https://dvimlywgukplssjkgvks.supabase.co/storage/v1/object/ml-models/model4/tft_model.ckpt "HTTP/2 400 Bad Request"
2026-08-17T15:26:00 | ERROR    | bluefish.model_loader | Failed to download model4/tft_model.ckpt: {'statusCode': 404, 'error': not_found, 'message': Object not found}
2026-08-17T15:26:00 | ERROR    | bluefish.model_loader | MODEL LOAD FAILED: model4 — Failed to download TFT checkpoint.
2026-08-17T15:26:00 | ERROR    | bluefish.model_loader | MODEL LOAD FAILED: model5 — No module named 'numpy'
2026-08-17T15:26:00 | INFO     | bluefish.model_loader | Downloading model6/isolation_forest.pkl from bucket 'ml-models'...
2026-08-17T15:26:00 | INFO     | httpx | HTTP Request: GET https://dvimlywgukplssjkgvks.supabase.co/storage/v1/object/ml-models/model6/isolation_forest.pkl "HTTP/2 400 Bad Request"
2026-08-17T15:26:00 | ERROR    | bluefish.model_loader | Failed to download model6/isolation_forest.pkl: {'statusCode': 404, 'error': not_found, 'message': Object not found}
2026-08-17T15:26:00 | INFO     | bluefish.model_loader | Downloading model6/scaler.pkl from bucket 'ml-models'...
2026-08-17T15:26:01 | INFO     | httpx | HTTP Request: GET https://dvimlywgukplssjkgvks.supabase.co/storage/v1/object/ml-models/model6/scaler.pkl "HTTP/2 400 Bad Request"
2026-08-17T15:26:01 | ERROR    | bluefish.model_loader | Failed to download model6/scaler.pkl: {'statusCode': 404, 'error': not_found, 'message': Object not found}
2026-08-17T15:26:01 | ERROR    | bluefish.model_loader | MODEL LOAD FAILED: model6 — Failed to download isolation_forest.pkl or scaler.pkl
2026-08-17T15:26:01 | ERROR    | bluefish.model_loader | MODEL LOAD FAILED: model7 — No module named 'numpy'
2026-08-17T15:26:01 | INFO     | bluefish.model_loader | ✓ Model 8 (Time Window) instantiated.
2026-08-17T15:26:01 | INFO     | bluefish.model_loader | Downloading model9/kmeans_model.pkl from bucket 'ml-models'...
2026-08-17T15:26:01 | INFO     | httpx | HTTP Request: GET https://dvimlywgukplssjkgvks.supabase.co/storage/v1/object/ml-models/model9/kmeans_model.pkl "HTTP/2 400 Bad Request"
2026-08-17T15:26:01 | ERROR    | bluefish.model_loader | Failed to download model9/kmeans_model.pkl: {'statusCode': 404, 'error': not_found, 'message': Object not found}
2026-08-17T15:26:01 | ERROR    | bluefish.model_loader | MODEL LOAD FAILED: model9 — Failed to download kmeans_model.pkl
2026-08-17T15:26:01 | ERROR    | bluefish.model_loader | MODEL LOAD FAILED: model10 — No module named 'numpy'
2026-08-17T15:26:01 | INFO     | bluefish.model_loader | Downloading model11/XGBoost_Boss_Model.pkl from bucket 'ml-models'...
2026-08-17T15:26:01 | INFO     | httpx | HTTP Request: GET https://dvimlywgukplssjkgvks.supabase.co/storage/v1/object/ml-models/model11/XGBoost_Boss_Model.pkl "HTTP/2 400 Bad Request"
2026-08-17T15:26:01 | ERROR    | bluefish.model_loader | Failed to download model11/XGBoost_Boss_Model.pkl: {'statusCode': 404, 'error': not_found, 'message': Object not found}
2026-08-17T15:26:01 | INFO     | bluefish.model_loader | Downloading model11/scaler_Boss.pkl from bucket 'ml-models'...
2026-08-17T15:26:01 | INFO     | httpx | HTTP Request: GET https://dvimlywgukplssjkgvks.supabase.co/storage/v1/object/ml-models/model11/scaler_Boss.pkl "HTTP/2 400 Bad Request"
2026-08-17T15:26:01 | ERROR    | bluefish.model_loader | Failed to download model11/scaler_Boss.pkl: {'statusCode': 404, 'error': not_found, 'message': Object not found}
2026-08-17T15:26:01 | ERROR    | bluefish.model_loader | MODEL LOAD FAILED: model11 — Failed to download XGBoost model or scaler.
2026-08-17T15:26:01 | INFO     | bluefish.model_loader | Model loading complete: 1/11 loaded. Failures: ['model1', 'model2', 'model3', 'model4', 'model5', 'model6', 'model7', 'model9', 'model10', 'model11']
2026-08-17T15:26:01 | INFO     | bluefish.main | Model registry ready. Errors: {'model1': 'Failed to download ONNX artifacts from Supabase Storage.', 'model2': "No module named 'numpy'", 'model3': 'Failed to download PyTorch checkpoint.', 'model4': 'Failed to download TFT checkpoint.', 'model5': "No module named 'numpy'", 'model6': 'Failed to download isolation_forest.pkl or scaler.pkl', 'model7': "No module named 'numpy'", 'model9': 'Failed to download kmeans_model.pkl', 'model10': "No module named 'numpy'", 'model11': 'Failed to download XGBoost model or scaler.'}
2026-08-17T15:26:01 | INFO     | bluefish.main | Fleet Command Agent is managed by Celery Beat.
2026-08-17T15:26:01 | INFO     | bluefish.main | Start workers: celery -A celery_worker worker -Q fleet --concurrency=2
2026-08-17T15:26:01 | INFO     | bluefish.main | Start beat:    celery -A celery_worker beat --loglevel=info
2026-08-17T15:26:01 | INFO     | bluefish.main | ============================================================
2026-08-17T15:26:01 | INFO     | bluefish.main | BlueFish AI Backend v2.0 ready.
2026-08-17T15:26:01 | INFO     | bluefish.main | ============================================================
INFO:     Application startup complete.
INFO:     Uvicorn running on http://127.0.0.1:8001 (Press CTRL+C to quit)
2026-08-17T15:28:15 | INFO     | httpx | HTTP Request: POST https://dvimlywgukplssjkgvks.supabase.co/rest/v1/profiles "HTTP/2 409 Conflict"
2026-08-17T15:28:15 | WARNING  | bluefish.routes.auth | [DEV MODE] Skipping profile insert due to auth.users FK constraint: {'message': 'insert or update on table "profiles" violates foreign key constraint "profiles_id_fkey"', 'code': '23503', 'hint': None, 'details': 'Key (id)=(4d3ee962-7ef8-54ff-a78a-ffa7867f08cd) is not present in table "users".'}
INFO:     127.0.0.1:41754 - "POST /api/v1/auth/register HTTP/1.1" 201 Created
2026-08-17T15:28:15 | INFO     | httpx | HTTP Request: GET https://dvimlywgukplssjkgvks.supabase.co/rest/v1/profiles?select=%2A&id=eq.4d3ee962-7ef8-54ff-a78a-ffa7867f08cd "HTTP/2 406 Not Acceptable"
2026-08-17T15:28:15 | WARNING  | bluefish.routes.auth | [DEV MODE] Profile missing for 4d3ee962-7ef8-54ff-a78a-ffa7867f08cd. Using mock data.
INFO:     127.0.0.1:41764 - "POST /api/v1/auth/login HTTP/1.1" 200 OK
2026-08-17T15:28:15 | INFO     | httpx | HTTP Request: GET https://dvimlywgukplssjkgvks.supabase.co/rest/v1/profiles?select=role&id=eq.4d3ee962-7ef8-54ff-a78a-ffa7867f08cd "HTTP/2 406 Not Acceptable"
2026-08-17T15:28:15 | WARNING  | bluefish.security | Could not fetch role for user 4d3ee962-7ef8-54ff-a78a-ffa7867f08cd: {'message': 'Cannot coerce the result to a single JSON object', 'code': 'PGRST116', 'hint': None, 'details': 'The result contains 0 rows'}. Defaulting to 'fisherman'.
2026-08-17T15:28:15 | INFO     | httpx | HTTP Request: GET https://dvimlywgukplssjkgvks.supabase.co/rest/v1/profiles?select=%2A&id=eq.4d3ee962-7ef8-54ff-a78a-ffa7867f08cd "HTTP/2 406 Not Acceptable"
2026-08-17T15:28:15 | WARNING  | bluefish.routes.auth | Profile fetch failed for 4d3ee962-7ef8-54ff-a78a-ffa7867f08cd: {'message': 'Cannot coerce the result to a single JSON object', 'code': 'PGRST116', 'hint': None, 'details': 'The result contains 0 rows'}
2026-08-17T15:28:16 | INFO     | httpx | HTTP Request: GET https://dvimlywgukplssjkgvks.supabase.co/rest/v1/vessels?select=mmsi%2Cvessel_type&owner_id=eq.4d3ee962-7ef8-54ff-a78a-ffa7867f08cd "HTTP/2 200 OK"
INFO:     127.0.0.1:41776 - "GET /api/v1/auth/me HTTP/1.1" 200 OK
2026-08-17T15:28:43 | INFO     | httpx | HTTP Request: POST https://dvimlywgukplssjkgvks.supabase.co/rest/v1/profiles "HTTP/2 409 Conflict"
2026-08-17T15:28:43 | WARNING  | bluefish.routes.auth | [DEV MODE] Skipping profile insert due to auth.users FK constraint: {'message': 'insert or update on table "profiles" violates foreign key constraint "profiles_id_fkey"', 'code': '23503', 'hint': None, 'details': 'Key (id)=(2aef935a-3ba2-5193-be3d-8401571a6ee0) is not present in table "users".'}
INFO:     127.0.0.1:44308 - "POST /api/v1/auth/register HTTP/1.1" 201 Created
2026-08-17T15:28:43 | INFO     | httpx | HTTP Request: GET https://dvimlywgukplssjkgvks.supabase.co/rest/v1/profiles?select=%2A&id=eq.2aef935a-3ba2-5193-be3d-8401571a6ee0 "HTTP/2 406 Not Acceptable"
2026-08-17T15:28:43 | WARNING  | bluefish.routes.auth | [DEV MODE] Profile missing for 2aef935a-3ba2-5193-be3d-8401571a6ee0. Using mock data.
INFO:     127.0.0.1:44310 - "POST /api/v1/auth/login HTTP/1.1" 200 OK
2026-08-17T15:28:43 | INFO     | httpx | HTTP Request: GET https://dvimlywgukplssjkgvks.supabase.co/rest/v1/profiles?select=role&id=eq.2aef935a-3ba2-5193-be3d-8401571a6ee0 "HTTP/2 406 Not Acceptable"
2026-08-17T15:28:43 | WARNING  | bluefish.security | Could not fetch role for user 2aef935a-3ba2-5193-be3d-8401571a6ee0: {'message': 'Cannot coerce the result to a single JSON object', 'code': 'PGRST116', 'hint': None, 'details': 'The result contains 0 rows'}. Defaulting to 'fisherman'.
2026-08-17T15:28:44 | INFO     | httpx | HTTP Request: GET https://dvimlywgukplssjkgvks.supabase.co/rest/v1/profiles?select=%2A&id=eq.2aef935a-3ba2-5193-be3d-8401571a6ee0 "HTTP/2 406 Not Acceptable"
2026-08-17T15:28:44 | WARNING  | bluefish.routes.auth | Profile fetch failed for 2aef935a-3ba2-5193-be3d-8401571a6ee0: {'message': 'Cannot coerce the result to a single JSON object', 'code': 'PGRST116', 'hint': None, 'details': 'The result contains 0 rows'}
2026-08-17T15:28:44 | INFO     | httpx | HTTP Request: GET https://dvimlywgukplssjkgvks.supabase.co/rest/v1/vessels?select=mmsi%2Cvessel_type&owner_id=eq.2aef935a-3ba2-5193-be3d-8401571a6ee0 "HTTP/2 200 OK"
INFO:     127.0.0.1:44326 - "GET /api/v1/auth/me HTTP/1.1" 200 OK
2026-08-17T15:28:44 | INFO     | httpx | HTTP Request: POST https://dvimlywgukplssjkgvks.supabase.co/rest/v1/profiles "HTTP/2 409 Conflict"
2026-08-17T15:28:44 | WARNING  | bluefish.routes.auth | [DEV MODE] Skipping profile insert due to auth.users FK constraint: {'message': 'insert or update on table "profiles" violates foreign key constraint "profiles_id_fkey"', 'code': '23503', 'hint': None, 'details': 'Key (id)=(e0508b09-4d4b-5c68-86d1-dee8b6dc3b72) is not present in table "users".'}
INFO:     127.0.0.1:44340 - "POST /api/v1/auth/register HTTP/1.1" 201 Created
2026-08-17T15:28:44 | INFO     | httpx | HTTP Request: GET https://dvimlywgukplssjkgvks.supabase.co/rest/v1/profiles?select=%2A&id=eq.e0508b09-4d4b-5c68-86d1-dee8b6dc3b72 "HTTP/2 406 Not Acceptable"
2026-08-17T15:28:44 | WARNING  | bluefish.routes.auth | [DEV MODE] Profile missing for e0508b09-4d4b-5c68-86d1-dee8b6dc3b72. Using mock data.
INFO:     127.0.0.1:44352 - "POST /api/v1/auth/login HTTP/1.1" 200 OK
2026-08-17T15:28:44 | INFO     | httpx | HTTP Request: GET https://dvimlywgukplssjkgvks.supabase.co/rest/v1/profiles?select=role&id=eq.e0508b09-4d4b-5c68-86d1-dee8b6dc3b72 "HTTP/2 406 Not Acceptable"
2026-08-17T15:28:44 | WARNING  | bluefish.security | Could not fetch role for user e0508b09-4d4b-5c68-86d1-dee8b6dc3b72: {'message': 'Cannot coerce the result to a single JSON object', 'code': 'PGRST116', 'hint': None, 'details': 'The result contains 0 rows'}. Defaulting to 'fisherman'.
2026-08-17T15:28:44 | INFO     | httpx | HTTP Request: GET https://dvimlywgukplssjkgvks.supabase.co/rest/v1/profiles?select=%2A&id=eq.e0508b09-4d4b-5c68-86d1-dee8b6dc3b72 "HTTP/2 406 Not Acceptable"
2026-08-17T15:28:44 | WARNING  | bluefish.routes.auth | Profile fetch failed for e0508b09-4d4b-5c68-86d1-dee8b6dc3b72: {'message': 'Cannot coerce the result to a single JSON object', 'code': 'PGRST116', 'hint': None, 'details': 'The result contains 0 rows'}
2026-08-17T15:28:44 | INFO     | httpx | HTTP Request: GET https://dvimlywgukplssjkgvks.supabase.co/rest/v1/vessels?select=mmsi%2Cvessel_type&owner_id=eq.e0508b09-4d4b-5c68-86d1-dee8b6dc3b72 "HTTP/2 200 OK"
INFO:     127.0.0.1:44368 - "GET /api/v1/auth/me HTTP/1.1" 200 OK
2026-08-17T15:28:44 | INFO     | httpx | HTTP Request: POST https://dvimlywgukplssjkgvks.supabase.co/rest/v1/profiles "HTTP/2 409 Conflict"
2026-08-17T15:28:44 | WARNING  | bluefish.routes.auth | [DEV MODE] Skipping profile insert due to auth.users FK constraint: {'message': 'insert or update on table "profiles" violates foreign key constraint "profiles_id_fkey"', 'code': '23503', 'hint': None, 'details': 'Key (id)=(ed2547ca-1cf1-50c0-bbd1-516aec96f38a) is not present in table "users".'}
INFO:     127.0.0.1:44378 - "POST /api/v1/auth/register HTTP/1.1" 201 Created
2026-08-17T15:28:44 | INFO     | httpx | HTTP Request: GET https://dvimlywgukplssjkgvks.supabase.co/rest/v1/profiles?select=%2A&id=eq.ed2547ca-1cf1-50c0-bbd1-516aec96f38a "HTTP/2 406 Not Acceptable"
2026-08-17T15:28:44 | WARNING  | bluefish.routes.auth | [DEV MODE] Profile missing for ed2547ca-1cf1-50c0-bbd1-516aec96f38a. Using mock data.
INFO:     127.0.0.1:44394 - "POST /api/v1/auth/login HTTP/1.1" 200 OK
2026-08-17T15:28:44 | INFO     | httpx | HTTP Request: GET https://dvimlywgukplssjkgvks.supabase.co/rest/v1/profiles?select=role&id=eq.ed2547ca-1cf1-50c0-bbd1-516aec96f38a "HTTP/2 406 Not Acceptable"
2026-08-17T15:28:44 | WARNING  | bluefish.security | Could not fetch role for user ed2547ca-1cf1-50c0-bbd1-516aec96f38a: {'message': 'Cannot coerce the result to a single JSON object', 'code': 'PGRST116', 'hint': None, 'details': 'The result contains 0 rows'}. Defaulting to 'fisherman'.
2026-08-17T15:28:44 | INFO     | httpx | HTTP Request: GET https://dvimlywgukplssjkgvks.supabase.co/rest/v1/profiles?select=%2A&id=eq.ed2547ca-1cf1-50c0-bbd1-516aec96f38a "HTTP/2 406 Not Acceptable"
2026-08-17T15:28:44 | WARNING  | bluefish.routes.auth | Profile fetch failed for ed2547ca-1cf1-50c0-bbd1-516aec96f38a: {'message': 'Cannot coerce the result to a single JSON object', 'code': 'PGRST116', 'hint': None, 'details': 'The result contains 0 rows'}
2026-08-17T15:28:44 | INFO     | httpx | HTTP Request: GET https://dvimlywgukplssjkgvks.supabase.co/rest/v1/vessels?select=mmsi%2Cvessel_type&owner_id=eq.ed2547ca-1cf1-50c0-bbd1-516aec96f38a "HTTP/2 200 OK"
INFO:     127.0.0.1:44400 - "GET /api/v1/auth/me HTTP/1.1" 200 OK
2026-08-17T15:28:45 | INFO     | httpx | HTTP Request: POST https://dvimlywgukplssjkgvks.supabase.co/rest/v1/profiles "HTTP/2 409 Conflict"
2026-08-17T15:28:45 | WARNING  | bluefish.routes.auth | [DEV MODE] Skipping profile insert due to auth.users FK constraint: {'message': 'insert or update on table "profiles" violates foreign key constraint "profiles_id_fkey"', 'code': '23503', 'hint': None, 'details': 'Key (id)=(4871189a-48f6-5365-9d34-ff82149fdf63) is not present in table "users".'}
INFO:     127.0.0.1:44404 - "POST /api/v1/auth/register HTTP/1.1" 201 Created
2026-08-17T15:28:45 | INFO     | httpx | HTTP Request: GET https://dvimlywgukplssjkgvks.supabase.co/rest/v1/profiles?select=%2A&id=eq.4871189a-48f6-5365-9d34-ff82149fdf63 "HTTP/2 406 Not Acceptable"
2026-08-17T15:28:45 | WARNING  | bluefish.routes.auth | [DEV MODE] Profile missing for 4871189a-48f6-5365-9d34-ff82149fdf63. Using mock data.
INFO:     127.0.0.1:44408 - "POST /api/v1/auth/login HTTP/1.1" 200 OK
2026-08-17T15:28:45 | INFO     | httpx | HTTP Request: GET https://dvimlywgukplssjkgvks.supabase.co/rest/v1/profiles?select=role&id=eq.4871189a-48f6-5365-9d34-ff82149fdf63 "HTTP/2 406 Not Acceptable"
2026-08-17T15:28:45 | WARNING  | bluefish.security | Could not fetch role for user 4871189a-48f6-5365-9d34-ff82149fdf63: {'message': 'Cannot coerce the result to a single JSON object', 'code': 'PGRST116', 'hint': None, 'details': 'The result contains 0 rows'}. Defaulting to 'fisherman'.
2026-08-17T15:28:45 | INFO     | httpx | HTTP Request: GET https://dvimlywgukplssjkgvks.supabase.co/rest/v1/profiles?select=%2A&id=eq.4871189a-48f6-5365-9d34-ff82149fdf63 "HTTP/2 406 Not Acceptable"
2026-08-17T15:28:45 | WARNING  | bluefish.routes.auth | Profile fetch failed for 4871189a-48f6-5365-9d34-ff82149fdf63: {'message': 'Cannot coerce the result to a single JSON object', 'code': 'PGRST116', 'hint': None, 'details': 'The result contains 0 rows'}
2026-08-17T15:28:45 | INFO     | httpx | HTTP Request: GET https://dvimlywgukplssjkgvks.supabase.co/rest/v1/vessels?select=mmsi%2Cvessel_type&owner_id=eq.4871189a-48f6-5365-9d34-ff82149fdf63 "HTTP/2 200 OK"
INFO:     127.0.0.1:44422 - "GET /api/v1/auth/me HTTP/1.1" 200 OK
2026-08-17T15:28:45 | INFO     | httpx | HTTP Request: POST https://dvimlywgukplssjkgvks.supabase.co/rest/v1/profiles "HTTP/2 409 Conflict"
2026-08-17T15:28:45 | WARNING  | bluefish.routes.auth | [DEV MODE] Skipping profile insert due to auth.users FK constraint: {'message': 'insert or update on table "profiles" violates foreign key constraint "profiles_id_fkey"', 'code': '23503', 'hint': None, 'details': 'Key (id)=(1fd2088f-6df8-5d96-aef8-d426941977ef) is not present in table "users".'}
INFO:     127.0.0.1:44424 - "POST /api/v1/auth/register HTTP/1.1" 201 Created
2026-08-17T15:28:45 | INFO     | httpx | HTTP Request: GET https://dvimlywgukplssjkgvks.supabase.co/rest/v1/profiles?select=%2A&id=eq.1fd2088f-6df8-5d96-aef8-d426941977ef "HTTP/2 406 Not Acceptable"
2026-08-17T15:28:45 | WARNING  | bluefish.routes.auth | [DEV MODE] Profile missing for 1fd2088f-6df8-5d96-aef8-d426941977ef. Using mock data.
INFO:     127.0.0.1:44440 - "POST /api/v1/auth/login HTTP/1.1" 200 OK
2026-08-17T15:28:45 | INFO     | httpx | HTTP Request: GET https://dvimlywgukplssjkgvks.supabase.co/rest/v1/profiles?select=role&id=eq.1fd2088f-6df8-5d96-aef8-d426941977ef "HTTP/2 406 Not Acceptable"
2026-08-17T15:28:45 | WARNING  | bluefish.security | Could not fetch role for user 1fd2088f-6df8-5d96-aef8-d426941977ef: {'message': 'Cannot coerce the result to a single JSON object', 'code': 'PGRST116', 'hint': None, 'details': 'The result contains 0 rows'}. Defaulting to 'fisherman'.
2026-08-17T15:28:45 | INFO     | httpx | HTTP Request: GET https://dvimlywgukplssjkgvks.supabase.co/rest/v1/profiles?select=%2A&id=eq.1fd2088f-6df8-5d96-aef8-d426941977ef "HTTP/2 406 Not Acceptable"
2026-08-17T15:28:45 | WARNING  | bluefish.routes.auth | Profile fetch failed for 1fd2088f-6df8-5d96-aef8-d426941977ef: {'message': 'Cannot coerce the result to a single JSON object', 'code': 'PGRST116', 'hint': None, 'details': 'The result contains 0 rows'}
2026-08-17T15:28:45 | INFO     | httpx | HTTP Request: GET https://dvimlywgukplssjkgvks.supabase.co/rest/v1/vessels?select=mmsi%2Cvessel_type&owner_id=eq.1fd2088f-6df8-5d96-aef8-d426941977ef "HTTP/2 200 OK"
INFO:     127.0.0.1:44456 - "GET /api/v1/auth/me HTTP/1.1" 200 OK
2026-08-17T15:28:45 | INFO     | httpx | HTTP Request: POST https://dvimlywgukplssjkgvks.supabase.co/rest/v1/profiles "HTTP/2 409 Conflict"
2026-08-17T15:28:45 | WARNING  | bluefish.routes.auth | [DEV MODE] Skipping profile insert due to auth.users FK constraint: {'message': 'insert or update on table "profiles" violates foreign key constraint "profiles_id_fkey"', 'code': '23503', 'hint': None, 'details': 'Key (id)=(98b12d9b-90e8-5b18-bb4a-e1c394593f69) is not present in table "users".'}
INFO:     127.0.0.1:44472 - "POST /api/v1/auth/register HTTP/1.1" 201 Created
2026-08-17T15:28:45 | INFO     | httpx | HTTP Request: GET https://dvimlywgukplssjkgvks.supabase.co/rest/v1/profiles?select=%2A&id=eq.98b12d9b-90e8-5b18-bb4a-e1c394593f69 "HTTP/2 406 Not Acceptable"
2026-08-17T15:28:45 | WARNING  | bluefish.routes.auth | [DEV MODE] Profile missing for 98b12d9b-90e8-5b18-bb4a-e1c394593f69. Using mock data.
INFO:     127.0.0.1:44474 - "POST /api/v1/auth/login HTTP/1.1" 200 OK
2026-08-17T15:28:46 | INFO     | httpx | HTTP Request: GET https://dvimlywgukplssjkgvks.supabase.co/rest/v1/profiles?select=role&id=eq.98b12d9b-90e8-5b18-bb4a-e1c394593f69 "HTTP/2 406 Not Acceptable"
2026-08-17T15:28:46 | WARNING  | bluefish.security | Could not fetch role for user 98b12d9b-90e8-5b18-bb4a-e1c394593f69: {'message': 'Cannot coerce the result to a single JSON object', 'code': 'PGRST116', 'hint': None, 'details': 'The result contains 0 rows'}. Defaulting to 'fisherman'.
2026-08-17T15:28:46 | INFO     | httpx | HTTP Request: GET https://dvimlywgukplssjkgvks.supabase.co/rest/v1/profiles?select=%2A&id=eq.98b12d9b-90e8-5b18-bb4a-e1c394593f69 "HTTP/2 406 Not Acceptable"
2026-08-17T15:28:46 | WARNING  | bluefish.routes.auth | Profile fetch failed for 98b12d9b-90e8-5b18-bb4a-e1c394593f69: {'message': 'Cannot coerce the result to a single JSON object', 'code': 'PGRST116', 'hint': None, 'details': 'The result contains 0 rows'}
2026-08-17T15:28:46 | INFO     | httpx | HTTP Request: GET https://dvimlywgukplssjkgvks.supabase.co/rest/v1/vessels?select=mmsi%2Cvessel_type&owner_id=eq.98b12d9b-90e8-5b18-bb4a-e1c394593f69 "HTTP/2 200 OK"
INFO:     127.0.0.1:44488 - "GET /api/v1/auth/me HTTP/1.1" 200 OK
2026-08-17T15:28:46 | INFO     | httpx | HTTP Request: POST https://dvimlywgukplssjkgvks.supabase.co/rest/v1/profiles "HTTP/2 409 Conflict"
2026-08-17T15:28:46 | WARNING  | bluefish.routes.auth | [DEV MODE] Skipping profile insert due to auth.users FK constraint: {'message': 'insert or update on table "profiles" violates foreign key constraint "profiles_id_fkey"', 'code': '23503', 'hint': None, 'details': 'Key (id)=(b410bcee-6b7e-57ac-99e4-443e8538b64c) is not present in table "users".'}
INFO:     127.0.0.1:44490 - "POST /api/v1/auth/register HTTP/1.1" 201 Created
2026-08-17T15:28:46 | INFO     | httpx | HTTP Request: GET https://dvimlywgukplssjkgvks.supabase.co/rest/v1/profiles?select=%2A&id=eq.b410bcee-6b7e-57ac-99e4-443e8538b64c "HTTP/2 406 Not Acceptable"
2026-08-17T15:28:46 | WARNING  | bluefish.routes.auth | [DEV MODE] Profile missing for b410bcee-6b7e-57ac-99e4-443e8538b64c. Using mock data.
INFO:     127.0.0.1:44502 - "POST /api/v1/auth/login HTTP/1.1" 200 OK
2026-08-17T15:28:46 | INFO     | httpx | HTTP Request: GET https://dvimlywgukplssjkgvks.supabase.co/rest/v1/profiles?select=role&id=eq.b410bcee-6b7e-57ac-99e4-443e8538b64c "HTTP/2 406 Not Acceptable"
2026-08-17T15:28:46 | WARNING  | bluefish.security | Could not fetch role for user b410bcee-6b7e-57ac-99e4-443e8538b64c: {'message': 'Cannot coerce the result to a single JSON object', 'code': 'PGRST116', 'hint': None, 'details': 'The result contains 0 rows'}. Defaulting to 'fisherman'.
2026-08-17T15:28:46 | INFO     | httpx | HTTP Request: GET https://dvimlywgukplssjkgvks.supabase.co/rest/v1/profiles?select=%2A&id=eq.b410bcee-6b7e-57ac-99e4-443e8538b64c "HTTP/2 406 Not Acceptable"
2026-08-17T15:28:46 | WARNING  | bluefish.routes.auth | Profile fetch failed for b410bcee-6b7e-57ac-99e4-443e8538b64c: {'message': 'Cannot coerce the result to a single JSON object', 'code': 'PGRST116', 'hint': None, 'details': 'The result contains 0 rows'}
2026-08-17T15:28:46 | INFO     | httpx | HTTP Request: GET https://dvimlywgukplssjkgvks.supabase.co/rest/v1/vessels?select=mmsi%2Cvessel_type&owner_id=eq.b410bcee-6b7e-57ac-99e4-443e8538b64c "HTTP/2 200 OK"
INFO:     127.0.0.1:44514 - "GET /api/v1/auth/me HTTP/1.1" 200 OK
2026-08-17T15:28:46 | INFO     | httpx | HTTP Request: POST https://dvimlywgukplssjkgvks.supabase.co/rest/v1/profiles "HTTP/2 409 Conflict"
2026-08-17T15:28:46 | WARNING  | bluefish.routes.auth | [DEV MODE] Skipping profile insert due to auth.users FK constraint: {'message': 'insert or update on table "profiles" violates foreign key constraint "profiles_id_fkey"', 'code': '23503', 'hint': None, 'details': 'Key (id)=(d64b94ce-f9b6-58e9-9bcb-b4e7c7e4f263) is not present in table "users".'}
INFO:     127.0.0.1:44526 - "POST /api/v1/auth/register HTTP/1.1" 201 Created
2026-08-17T15:28:47 | INFO     | httpx | HTTP Request: GET https://dvimlywgukplssjkgvks.supabase.co/rest/v1/profiles?select=%2A&id=eq.d64b94ce-f9b6-58e9-9bcb-b4e7c7e4f263 "HTTP/2 406 Not Acceptable"
2026-08-17T15:28:47 | WARNING  | bluefish.routes.auth | [DEV MODE] Profile missing for d64b94ce-f9b6-58e9-9bcb-b4e7c7e4f263. Using mock data.
INFO:     127.0.0.1:44530 - "POST /api/v1/auth/login HTTP/1.1" 200 OK
2026-08-17T15:28:47 | INFO     | httpx | HTTP Request: GET https://dvimlywgukplssjkgvks.supabase.co/rest/v1/profiles?select=role&id=eq.d64b94ce-f9b6-58e9-9bcb-b4e7c7e4f263 "HTTP/2 406 Not Acceptable"
2026-08-17T15:28:47 | WARNING  | bluefish.security | Could not fetch role for user d64b94ce-f9b6-58e9-9bcb-b4e7c7e4f263: {'message': 'Cannot coerce the result to a single JSON object', 'code': 'PGRST116', 'hint': None, 'details': 'The result contains 0 rows'}. Defaulting to 'fisherman'.
2026-08-17T15:28:47 | INFO     | httpx | HTTP Request: GET https://dvimlywgukplssjkgvks.supabase.co/rest/v1/profiles?select=%2A&id=eq.d64b94ce-f9b6-58e9-9bcb-b4e7c7e4f263 "HTTP/2 406 Not Acceptable"
2026-08-17T15:28:47 | WARNING  | bluefish.routes.auth | Profile fetch failed for d64b94ce-f9b6-58e9-9bcb-b4e7c7e4f263: {'message': 'Cannot coerce the result to a single JSON object', 'code': 'PGRST116', 'hint': None, 'details': 'The result contains 0 rows'}
2026-08-17T15:28:47 | INFO     | httpx | HTTP Request: GET https://dvimlywgukplssjkgvks.supabase.co/rest/v1/vessels?select=mmsi%2Cvessel_type&owner_id=eq.d64b94ce-f9b6-58e9-9bcb-b4e7c7e4f263 "HTTP/2 200 OK"
INFO:     127.0.0.1:44542 - "GET /api/v1/auth/me HTTP/1.1" 200 OK
2026-08-17T15:28:47 | INFO     | httpx | HTTP Request: POST https://dvimlywgukplssjkgvks.supabase.co/rest/v1/profiles "HTTP/2 409 Conflict"
2026-08-17T15:28:47 | WARNING  | bluefish.routes.auth | [DEV MODE] Skipping profile insert due to auth.users FK constraint: {'message': 'insert or update on table "profiles" violates foreign key constraint "profiles_id_fkey"', 'code': '23503', 'hint': None, 'details': 'Key (id)=(54848a2a-4c0f-5197-934b-f33211c303e0) is not present in table "users".'}
INFO:     127.0.0.1:44548 - "POST /api/v1/auth/register HTTP/1.1" 201 Created
2026-08-17T15:28:47 | INFO     | httpx | HTTP Request: GET https://dvimlywgukplssjkgvks.supabase.co/rest/v1/profiles?select=%2A&id=eq.54848a2a-4c0f-5197-934b-f33211c303e0 "HTTP/2 406 Not Acceptable"
2026-08-17T15:28:47 | WARNING  | bluefish.routes.auth | [DEV MODE] Profile missing for 54848a2a-4c0f-5197-934b-f33211c303e0. Using mock data.
INFO:     127.0.0.1:44556 - "POST /api/v1/auth/login HTTP/1.1" 200 OK
2026-08-17T15:28:47 | INFO     | httpx | HTTP Request: GET https://dvimlywgukplssjkgvks.supabase.co/rest/v1/profiles?select=role&id=eq.54848a2a-4c0f-5197-934b-f33211c303e0 "HTTP/2 406 Not Acceptable"
2026-08-17T15:28:47 | WARNING  | bluefish.security | Could not fetch role for user 54848a2a-4c0f-5197-934b-f33211c303e0: {'message': 'Cannot coerce the result to a single JSON object', 'code': 'PGRST116', 'hint': None, 'details': 'The result contains 0 rows'}. Defaulting to 'fisherman'.
2026-08-17T15:28:47 | INFO     | httpx | HTTP Request: GET https://dvimlywgukplssjkgvks.supabase.co/rest/v1/profiles?select=%2A&id=eq.54848a2a-4c0f-5197-934b-f33211c303e0 "HTTP/2 406 Not Acceptable"
2026-08-17T15:28:47 | WARNING  | bluefish.routes.auth | Profile fetch failed for 54848a2a-4c0f-5197-934b-f33211c303e0: {'message': 'Cannot coerce the result to a single JSON object', 'code': 'PGRST116', 'hint': None, 'details': 'The result contains 0 rows'}
2026-08-17T15:28:47 | INFO     | httpx | HTTP Request: GET https://dvimlywgukplssjkgvks.supabase.co/rest/v1/vessels?select=mmsi%2Cvessel_type&owner_id=eq.54848a2a-4c0f-5197-934b-f33211c303e0 "HTTP/2 200 OK"
INFO:     127.0.0.1:44570 - "GET /api/v1/auth/me HTTP/1.1" 200 OK
2026-08-17T15:28:48 | INFO     | httpx | HTTP Request: POST https://dvimlywgukplssjkgvks.supabase.co/rest/v1/profiles "HTTP/2 409 Conflict"
2026-08-17T15:28:48 | WARNING  | bluefish.routes.auth | [DEV MODE] Skipping profile insert due to auth.users FK constraint: {'message': 'insert or update on table "profiles" violates foreign key constraint "profiles_id_fkey"', 'code': '23503', 'hint': None, 'details': 'Key (id)=(a2a59c1a-4b68-5e7a-834b-2c1087ceaa2c) is not present in table "users".'}
INFO:     127.0.0.1:44572 - "POST /api/v1/auth/register HTTP/1.1" 201 Created
2026-08-17T15:28:48 | INFO     | httpx | HTTP Request: GET https://dvimlywgukplssjkgvks.supabase.co/rest/v1/profiles?select=%2A&id=eq.a2a59c1a-4b68-5e7a-834b-2c1087ceaa2c "HTTP/2 406 Not Acceptable"
2026-08-17T15:28:48 | WARNING  | bluefish.routes.auth | [DEV MODE] Profile missing for a2a59c1a-4b68-5e7a-834b-2c1087ceaa2c. Using mock data.
INFO:     127.0.0.1:44584 - "POST /api/v1/auth/login HTTP/1.1" 200 OK
2026-08-17T15:28:48 | INFO     | httpx | HTTP Request: GET https://dvimlywgukplssjkgvks.supabase.co/rest/v1/profiles?select=role&id=eq.a2a59c1a-4b68-5e7a-834b-2c1087ceaa2c "HTTP/2 406 Not Acceptable"
2026-08-17T15:28:48 | WARNING  | bluefish.security | Could not fetch role for user a2a59c1a-4b68-5e7a-834b-2c1087ceaa2c: {'message': 'Cannot coerce the result to a single JSON object', 'code': 'PGRST116', 'hint': None, 'details': 'The result contains 0 rows'}. Defaulting to 'fisherman'.
2026-08-17T15:28:48 | INFO     | httpx | HTTP Request: GET https://dvimlywgukplssjkgvks.supabase.co/rest/v1/profiles?select=%2A&id=eq.a2a59c1a-4b68-5e7a-834b-2c1087ceaa2c "HTTP/2 406 Not Acceptable"
2026-08-17T15:28:48 | WARNING  | bluefish.routes.auth | Profile fetch failed for a2a59c1a-4b68-5e7a-834b-2c1087ceaa2c: {'message': 'Cannot coerce the result to a single JSON object', 'code': 'PGRST116', 'hint': None, 'details': 'The result contains 0 rows'}
2026-08-17T15:28:48 | INFO     | httpx | HTTP Request: GET https://dvimlywgukplssjkgvks.supabase.co/rest/v1/vessels?select=mmsi%2Cvessel_type&owner_id=eq.a2a59c1a-4b68-5e7a-834b-2c1087ceaa2c "HTTP/2 200 OK"
INFO:     127.0.0.1:44594 - "GET /api/v1/auth/me HTTP/1.1" 200 OK
2026-08-17T15:28:48 | INFO     | httpx | HTTP Request: POST https://dvimlywgukplssjkgvks.supabase.co/rest/v1/profiles "HTTP/2 409 Conflict"
2026-08-17T15:28:48 | WARNING  | bluefish.routes.auth | [DEV MODE] Skipping profile insert due to auth.users FK constraint: {'message': 'insert or update on table "profiles" violates foreign key constraint "profiles_id_fkey"', 'code': '23503', 'hint': None, 'details': 'Key (id)=(af241c9b-ecbb-57f0-8d54-f0a46365531f) is not present in table "users".'}
INFO:     127.0.0.1:44604 - "POST /api/v1/auth/register HTTP/1.1" 201 Created
2026-08-17T15:28:48 | INFO     | httpx | HTTP Request: GET https://dvimlywgukplssjkgvks.supabase.co/rest/v1/profiles?select=%2A&id=eq.af241c9b-ecbb-57f0-8d54-f0a46365531f "HTTP/2 406 Not Acceptable"
2026-08-17T15:28:48 | WARNING  | bluefish.routes.auth | [DEV MODE] Profile missing for af241c9b-ecbb-57f0-8d54-f0a46365531f. Using mock data.
INFO:     127.0.0.1:44610 - "POST /api/v1/auth/login HTTP/1.1" 200 OK
2026-08-17T15:28:48 | INFO     | httpx | HTTP Request: GET https://dvimlywgukplssjkgvks.supabase.co/rest/v1/profiles?select=role&id=eq.af241c9b-ecbb-57f0-8d54-f0a46365531f "HTTP/2 406 Not Acceptable"
2026-08-17T15:28:48 | WARNING  | bluefish.security | Could not fetch role for user af241c9b-ecbb-57f0-8d54-f0a46365531f: {'message': 'Cannot coerce the result to a single JSON object', 'code': 'PGRST116', 'hint': None, 'details': 'The result contains 0 rows'}. Defaulting to 'fisherman'.
2026-08-17T15:28:48 | INFO     | httpx | HTTP Request: GET https://dvimlywgukplssjkgvks.supabase.co/rest/v1/profiles?select=%2A&id=eq.af241c9b-ecbb-57f0-8d54-f0a46365531f "HTTP/2 406 Not Acceptable"
2026-08-17T15:28:48 | WARNING  | bluefish.routes.auth | Profile fetch failed for af241c9b-ecbb-57f0-8d54-f0a46365531f: {'message': 'Cannot coerce the result to a single JSON object', 'code': 'PGRST116', 'hint': None, 'details': 'The result contains 0 rows'}
2026-08-17T15:28:48 | INFO     | httpx | HTTP Request: GET https://dvimlywgukplssjkgvks.supabase.co/rest/v1/vessels?select=mmsi%2Cvessel_type&owner_id=eq.af241c9b-ecbb-57f0-8d54-f0a46365531f "HTTP/2 200 OK"
INFO:     127.0.0.1:44620 - "GET /api/v1/auth/me HTTP/1.1" 200 OK
2026-08-17T15:28:48 | INFO     | httpx | HTTP Request: POST https://dvimlywgukplssjkgvks.supabase.co/rest/v1/profiles "HTTP/2 409 Conflict"
2026-08-17T15:28:48 | WARNING  | bluefish.routes.auth | [DEV MODE] Skipping profile insert due to auth.users FK constraint: {'message': 'insert or update on table "profiles" violates foreign key constraint "profiles_id_fkey"', 'code': '23503', 'hint': None, 'details': 'Key (id)=(7152ef6e-fef6-5203-9718-bfae6c581b65) is not present in table "users".'}
INFO:     127.0.0.1:44628 - "POST /api/v1/auth/register HTTP/1.1" 201 Created
2026-08-17T15:28:49 | INFO     | httpx | HTTP Request: GET https://dvimlywgukplssjkgvks.supabase.co/rest/v1/profiles?select=%2A&id=eq.7152ef6e-fef6-5203-9718-bfae6c581b65 "HTTP/2 406 Not Acceptable"
2026-08-17T15:28:49 | WARNING  | bluefish.routes.auth | [DEV MODE] Profile missing for 7152ef6e-fef6-5203-9718-bfae6c581b65. Using mock data.
INFO:     127.0.0.1:44630 - "POST /api/v1/auth/login HTTP/1.1" 200 OK
2026-08-17T15:28:49 | INFO     | httpx | HTTP Request: GET https://dvimlywgukplssjkgvks.supabase.co/rest/v1/profiles?select=role&id=eq.7152ef6e-fef6-5203-9718-bfae6c581b65 "HTTP/2 406 Not Acceptable"
2026-08-17T15:28:49 | WARNING  | bluefish.security | Could not fetch role for user 7152ef6e-fef6-5203-9718-bfae6c581b65: {'message': 'Cannot coerce the result to a single JSON object', 'code': 'PGRST116', 'hint': None, 'details': 'The result contains 0 rows'}. Defaulting to 'fisherman'.
2026-08-17T15:28:49 | INFO     | httpx | HTTP Request: GET https://dvimlywgukplssjkgvks.supabase.co/rest/v1/profiles?select=%2A&id=eq.7152ef6e-fef6-5203-9718-bfae6c581b65 "HTTP/2 406 Not Acceptable"
2026-08-17T15:28:49 | WARNING  | bluefish.routes.auth | Profile fetch failed for 7152ef6e-fef6-5203-9718-bfae6c581b65: {'message': 'Cannot coerce the result to a single JSON object', 'code': 'PGRST116', 'hint': None, 'details': 'The result contains 0 rows'}
2026-08-17T15:28:49 | INFO     | httpx | HTTP Request: GET https://dvimlywgukplssjkgvks.supabase.co/rest/v1/vessels?select=mmsi%2Cvessel_type&owner_id=eq.7152ef6e-fef6-5203-9718-bfae6c581b65 "HTTP/2 200 OK"
INFO:     127.0.0.1:44638 - "GET /api/v1/auth/me HTTP/1.1" 200 OK
2026-08-17T15:28:49 | INFO     | httpx | HTTP Request: POST https://dvimlywgukplssjkgvks.supabase.co/rest/v1/profiles "HTTP/2 409 Conflict"
2026-08-17T15:28:49 | WARNING  | bluefish.routes.auth | [DEV MODE] Skipping profile insert due to auth.users FK constraint: {'message': 'insert or update on table "profiles" violates foreign key constraint "profiles_id_fkey"', 'code': '23503', 'hint': None, 'details': 'Key (id)=(b76b1d52-085c-5937-9a4f-e200c2bacc21) is not present in table "users".'}
INFO:     127.0.0.1:44646 - "POST /api/v1/auth/register HTTP/1.1" 201 Created
2026-08-17T15:28:49 | INFO     | httpx | HTTP Request: GET https://dvimlywgukplssjkgvks.supabase.co/rest/v1/profiles?select=%2A&id=eq.b76b1d52-085c-5937-9a4f-e200c2bacc21 "HTTP/2 406 Not Acceptable"
2026-08-17T15:28:49 | WARNING  | bluefish.routes.auth | [DEV MODE] Profile missing for b76b1d52-085c-5937-9a4f-e200c2bacc21. Using mock data.
INFO:     127.0.0.1:44662 - "POST /api/v1/auth/login HTTP/1.1" 200 OK
2026-08-17T15:28:49 | INFO     | httpx | HTTP Request: GET https://dvimlywgukplssjkgvks.supabase.co/rest/v1/profiles?select=role&id=eq.b76b1d52-085c-5937-9a4f-e200c2bacc21 "HTTP/2 406 Not Acceptable"
2026-08-17T15:28:49 | WARNING  | bluefish.security | Could not fetch role for user b76b1d52-085c-5937-9a4f-e200c2bacc21: {'message': 'Cannot coerce the result to a single JSON object', 'code': 'PGRST116', 'hint': None, 'details': 'The result contains 0 rows'}. Defaulting to 'fisherman'.
2026-08-17T15:28:49 | INFO     | httpx | HTTP Request: GET https://dvimlywgukplssjkgvks.supabase.co/rest/v1/profiles?select=%2A&id=eq.b76b1d52-085c-5937-9a4f-e200c2bacc21 "HTTP/2 406 Not Acceptable"
2026-08-17T15:28:49 | WARNING  | bluefish.routes.auth | Profile fetch failed for b76b1d52-085c-5937-9a4f-e200c2bacc21: {'message': 'Cannot coerce the result to a single JSON object', 'code': 'PGRST116', 'hint': None, 'details': 'The result contains 0 rows'}
2026-08-17T15:28:49 | INFO     | httpx | HTTP Request: GET https://dvimlywgukplssjkgvks.supabase.co/rest/v1/vessels?select=mmsi%2Cvessel_type&owner_id=eq.b76b1d52-085c-5937-9a4f-e200c2bacc21 "HTTP/2 200 OK"
INFO:     127.0.0.1:44666 - "GET /api/v1/auth/me HTTP/1.1" 200 OK
2026-08-17T15:28:49 | INFO     | httpx | HTTP Request: POST https://dvimlywgukplssjkgvks.supabase.co/rest/v1/profiles "HTTP/2 409 Conflict"
2026-08-17T15:28:49 | WARNING  | bluefish.routes.auth | [DEV MODE] Skipping profile insert due to auth.users FK constraint: {'message': 'insert or update on table "profiles" violates foreign key constraint "profiles_id_fkey"', 'code': '23503', 'hint': None, 'details': 'Key (id)=(83513ea4-6983-5d83-939b-6d60a8ed854c) is not present in table "users".'}
INFO:     127.0.0.1:44678 - "POST /api/v1/auth/register HTTP/1.1" 201 Created
2026-08-17T15:28:49 | INFO     | httpx | HTTP Request: GET https://dvimlywgukplssjkgvks.supabase.co/rest/v1/profiles?select=%2A&id=eq.83513ea4-6983-5d83-939b-6d60a8ed854c "HTTP/2 406 Not Acceptable"
2026-08-17T15:28:49 | WARNING  | bluefish.routes.auth | [DEV MODE] Profile missing for 83513ea4-6983-5d83-939b-6d60a8ed854c. Using mock data.
INFO:     127.0.0.1:44694 - "POST /api/v1/auth/login HTTP/1.1" 200 OK
2026-08-17T15:28:49 | INFO     | httpx | HTTP Request: GET https://dvimlywgukplssjkgvks.supabase.co/rest/v1/profiles?select=role&id=eq.83513ea4-6983-5d83-939b-6d60a8ed854c "HTTP/2 406 Not Acceptable"
2026-08-17T15:28:49 | WARNING  | bluefish.security | Could not fetch role for user 83513ea4-6983-5d83-939b-6d60a8ed854c: {'message': 'Cannot coerce the result to a single JSON object', 'code': 'PGRST116', 'hint': None, 'details': 'The result contains 0 rows'}. Defaulting to 'fisherman'.
2026-08-17T15:28:50 | INFO     | httpx | HTTP Request: GET https://dvimlywgukplssjkgvks.supabase.co/rest/v1/profiles?select=%2A&id=eq.83513ea4-6983-5d83-939b-6d60a8ed854c "HTTP/2 406 Not Acceptable"
2026-08-17T15:28:50 | WARNING  | bluefish.routes.auth | Profile fetch failed for 83513ea4-6983-5d83-939b-6d60a8ed854c: {'message': 'Cannot coerce the result to a single JSON object', 'code': 'PGRST116', 'hint': None, 'details': 'The result contains 0 rows'}
2026-08-17T15:28:50 | INFO     | httpx | HTTP Request: GET https://dvimlywgukplssjkgvks.supabase.co/rest/v1/vessels?select=mmsi%2Cvessel_type&owner_id=eq.83513ea4-6983-5d83-939b-6d60a8ed854c "HTTP/2 200 OK"
INFO:     127.0.0.1:44702 - "GET /api/v1/auth/me HTTP/1.1" 200 OK
2026-08-17T15:28:50 | INFO     | httpx | HTTP Request: POST https://dvimlywgukplssjkgvks.supabase.co/rest/v1/profiles "HTTP/2 409 Conflict"
2026-08-17T15:28:50 | WARNING  | bluefish.routes.auth | [DEV MODE] Skipping profile insert due to auth.users FK constraint: {'message': 'insert or update on table "profiles" violates foreign key constraint "profiles_id_fkey"', 'code': '23503', 'hint': None, 'details': 'Key (id)=(013f71f1-ded4-5e10-8767-68396c1f5c09) is not present in table "users".'}
INFO:     127.0.0.1:44716 - "POST /api/v1/auth/register HTTP/1.1" 201 Created
2026-08-17T15:28:50 | INFO     | httpx | HTTP Request: GET https://dvimlywgukplssjkgvks.supabase.co/rest/v1/profiles?select=%2A&id=eq.013f71f1-ded4-5e10-8767-68396c1f5c09 "HTTP/2 406 Not Acceptable"
2026-08-17T15:28:50 | WARNING  | bluefish.routes.auth | [DEV MODE] Profile missing for 013f71f1-ded4-5e10-8767-68396c1f5c09. Using mock data.
INFO:     127.0.0.1:44720 - "POST /api/v1/auth/login HTTP/1.1" 200 OK
2026-08-17T15:28:50 | INFO     | httpx | HTTP Request: GET https://dvimlywgukplssjkgvks.supabase.co/rest/v1/profiles?select=role&id=eq.013f71f1-ded4-5e10-8767-68396c1f5c09 "HTTP/2 406 Not Acceptable"
2026-08-17T15:28:50 | WARNING  | bluefish.security | Could not fetch role for user 013f71f1-ded4-5e10-8767-68396c1f5c09: {'message': 'Cannot coerce the result to a single JSON object', 'code': 'PGRST116', 'hint': None, 'details': 'The result contains 0 rows'}. Defaulting to 'fisherman'.
2026-08-17T15:28:50 | INFO     | httpx | HTTP Request: GET https://dvimlywgukplssjkgvks.supabase.co/rest/v1/profiles?select=%2A&id=eq.013f71f1-ded4-5e10-8767-68396c1f5c09 "HTTP/2 406 Not Acceptable"
2026-08-17T15:28:50 | WARNING  | bluefish.routes.auth | Profile fetch failed for 013f71f1-ded4-5e10-8767-68396c1f5c09: {'message': 'Cannot coerce the result to a single JSON object', 'code': 'PGRST116', 'hint': None, 'details': 'The result contains 0 rows'}
2026-08-17T15:28:50 | INFO     | httpx | HTTP Request: GET https://dvimlywgukplssjkgvks.supabase.co/rest/v1/vessels?select=mmsi%2Cvessel_type&owner_id=eq.013f71f1-ded4-5e10-8767-68396c1f5c09 "HTTP/2 200 OK"
INFO:     127.0.0.1:44734 - "GET /api/v1/auth/me HTTP/1.1" 200 OK
2026-08-17T15:28:50 | INFO     | httpx | HTTP Request: POST https://dvimlywgukplssjkgvks.supabase.co/rest/v1/profiles "HTTP/2 409 Conflict"
2026-08-17T15:28:50 | WARNING  | bluefish.routes.auth | [DEV MODE] Skipping profile insert due to auth.users FK constraint: {'message': 'insert or update on table "profiles" violates foreign key constraint "profiles_id_fkey"', 'code': '23503', 'hint': None, 'details': 'Key (id)=(d306def2-8a57-55e0-94a0-838264d47ab7) is not present in table "users".'}
INFO:     127.0.0.1:44746 - "POST /api/v1/auth/register HTTP/1.1" 201 Created
2026-08-17T15:28:50 | INFO     | httpx | HTTP Request: GET https://dvimlywgukplssjkgvks.supabase.co/rest/v1/profiles?select=%2A&id=eq.d306def2-8a57-55e0-94a0-838264d47ab7 "HTTP/2 406 Not Acceptable"
2026-08-17T15:28:50 | WARNING  | bluefish.routes.auth | [DEV MODE] Profile missing for d306def2-8a57-55e0-94a0-838264d47ab7. Using mock data.
INFO:     127.0.0.1:44756 - "POST /api/v1/auth/login HTTP/1.1" 200 OK
2026-08-17T15:28:50 | INFO     | httpx | HTTP Request: GET https://dvimlywgukplssjkgvks.supabase.co/rest/v1/profiles?select=role&id=eq.d306def2-8a57-55e0-94a0-838264d47ab7 "HTTP/2 406 Not Acceptable"
2026-08-17T15:28:50 | WARNING  | bluefish.security | Could not fetch role for user d306def2-8a57-55e0-94a0-838264d47ab7: {'message': 'Cannot coerce the result to a single JSON object', 'code': 'PGRST116', 'hint': None, 'details': 'The result contains 0 rows'}. Defaulting to 'fisherman'.
2026-08-17T15:28:51 | INFO     | httpx | HTTP Request: GET https://dvimlywgukplssjkgvks.supabase.co/rest/v1/profiles?select=%2A&id=eq.d306def2-8a57-55e0-94a0-838264d47ab7 "HTTP/2 406 Not Acceptable"
2026-08-17T15:28:51 | WARNING  | bluefish.routes.auth | Profile fetch failed for d306def2-8a57-55e0-94a0-838264d47ab7: {'message': 'Cannot coerce the result to a single JSON object', 'code': 'PGRST116', 'hint': None, 'details': 'The result contains 0 rows'}
2026-08-17T15:28:51 | INFO     | httpx | HTTP Request: GET https://dvimlywgukplssjkgvks.supabase.co/rest/v1/vessels?select=mmsi%2Cvessel_type&owner_id=eq.d306def2-8a57-55e0-94a0-838264d47ab7 "HTTP/2 200 OK"
INFO:     127.0.0.1:44770 - "GET /api/v1/auth/me HTTP/1.1" 200 OK
2026-08-17T15:28:51 | INFO     | httpx | HTTP Request: POST https://dvimlywgukplssjkgvks.supabase.co/rest/v1/profiles "HTTP/2 409 Conflict"
2026-08-17T15:28:51 | WARNING  | bluefish.routes.auth | [DEV MODE] Skipping profile insert due to auth.users FK constraint: {'message': 'insert or update on table "profiles" violates foreign key constraint "profiles_id_fkey"', 'code': '23503', 'hint': None, 'details': 'Key (id)=(29a447ae-9042-544a-b69b-e7e8f82b89ac) is not present in table "users".'}
INFO:     127.0.0.1:44776 - "POST /api/v1/auth/register HTTP/1.1" 201 Created
2026-08-17T15:28:51 | INFO     | httpx | HTTP Request: GET https://dvimlywgukplssjkgvks.supabase.co/rest/v1/profiles?select=%2A&id=eq.29a447ae-9042-544a-b69b-e7e8f82b89ac "HTTP/2 406 Not Acceptable"
2026-08-17T15:28:51 | WARNING  | bluefish.routes.auth | [DEV MODE] Profile missing for 29a447ae-9042-544a-b69b-e7e8f82b89ac. Using mock data.
INFO:     127.0.0.1:44786 - "POST /api/v1/auth/login HTTP/1.1" 200 OK
2026-08-17T15:28:51 | INFO     | httpx | HTTP Request: GET https://dvimlywgukplssjkgvks.supabase.co/rest/v1/profiles?select=role&id=eq.29a447ae-9042-544a-b69b-e7e8f82b89ac "HTTP/2 406 Not Acceptable"
2026-08-17T15:28:51 | WARNING  | bluefish.security | Could not fetch role for user 29a447ae-9042-544a-b69b-e7e8f82b89ac: {'message': 'Cannot coerce the result to a single JSON object', 'code': 'PGRST116', 'hint': None, 'details': 'The result contains 0 rows'}. Defaulting to 'fisherman'.
2026-08-17T15:28:51 | INFO     | httpx | HTTP Request: GET https://dvimlywgukplssjkgvks.supabase.co/rest/v1/profiles?select=%2A&id=eq.29a447ae-9042-544a-b69b-e7e8f82b89ac "HTTP/2 406 Not Acceptable"
2026-08-17T15:28:51 | WARNING  | bluefish.routes.auth | Profile fetch failed for 29a447ae-9042-544a-b69b-e7e8f82b89ac: {'message': 'Cannot coerce the result to a single JSON object', 'code': 'PGRST116', 'hint': None, 'details': 'The result contains 0 rows'}
2026-08-17T15:28:51 | INFO     | httpx | HTTP Request: GET https://dvimlywgukplssjkgvks.supabase.co/rest/v1/vessels?select=mmsi%2Cvessel_type&owner_id=eq.29a447ae-9042-544a-b69b-e7e8f82b89ac "HTTP/2 200 OK"
INFO:     127.0.0.1:44802 - "GET /api/v1/auth/me HTTP/1.1" 200 OK
2026-08-17T15:28:51 | INFO     | httpx | HTTP Request: POST https://dvimlywgukplssjkgvks.supabase.co/rest/v1/profiles "HTTP/2 409 Conflict"
2026-08-17T15:28:51 | WARNING  | bluefish.routes.auth | [DEV MODE] Skipping profile insert due to auth.users FK constraint: {'message': 'insert or update on table "profiles" violates foreign key constraint "profiles_id_fkey"', 'code': '23503', 'hint': None, 'details': 'Key (id)=(10ab467c-1c1f-5e59-9c6a-ef7a383057f0) is not present in table "users".'}
INFO:     127.0.0.1:44818 - "POST /api/v1/auth/register HTTP/1.1" 201 Created
2026-08-17T15:28:51 | INFO     | httpx | HTTP Request: GET https://dvimlywgukplssjkgvks.supabase.co/rest/v1/profiles?select=%2A&id=eq.10ab467c-1c1f-5e59-9c6a-ef7a383057f0 "HTTP/2 406 Not Acceptable"
2026-08-17T15:28:51 | WARNING  | bluefish.routes.auth | [DEV MODE] Profile missing for 10ab467c-1c1f-5e59-9c6a-ef7a383057f0. Using mock data.
INFO:     127.0.0.1:44828 - "POST /api/v1/auth/login HTTP/1.1" 200 OK
2026-08-17T15:28:51 | INFO     | httpx | HTTP Request: GET https://dvimlywgukplssjkgvks.supabase.co/rest/v1/profiles?select=role&id=eq.10ab467c-1c1f-5e59-9c6a-ef7a383057f0 "HTTP/2 406 Not Acceptable"
2026-08-17T15:28:51 | WARNING  | bluefish.security | Could not fetch role for user 10ab467c-1c1f-5e59-9c6a-ef7a383057f0: {'message': 'Cannot coerce the result to a single JSON object', 'code': 'PGRST116', 'hint': None, 'details': 'The result contains 0 rows'}. Defaulting to 'fisherman'.
2026-08-17T15:28:51 | INFO     | httpx | HTTP Request: GET https://dvimlywgukplssjkgvks.supabase.co/rest/v1/profiles?select=%2A&id=eq.10ab467c-1c1f-5e59-9c6a-ef7a383057f0 "HTTP/2 406 Not Acceptable"
2026-08-17T15:28:51 | WARNING  | bluefish.routes.auth | Profile fetch failed for 10ab467c-1c1f-5e59-9c6a-ef7a383057f0: {'message': 'Cannot coerce the result to a single JSON object', 'code': 'PGRST116', 'hint': None, 'details': 'The result contains 0 rows'}
2026-08-17T15:28:51 | INFO     | httpx | HTTP Request: GET https://dvimlywgukplssjkgvks.supabase.co/rest/v1/vessels?select=mmsi%2Cvessel_type&owner_id=eq.10ab467c-1c1f-5e59-9c6a-ef7a383057f0 "HTTP/2 200 OK"
INFO:     127.0.0.1:44840 - "GET /api/v1/auth/me HTTP/1.1" 200 OK
2026-08-17T15:28:52 | INFO     | httpx | HTTP Request: POST https://dvimlywgukplssjkgvks.supabase.co/rest/v1/profiles "HTTP/2 409 Conflict"
2026-08-17T15:28:52 | WARNING  | bluefish.routes.auth | [DEV MODE] Skipping profile insert due to auth.users FK constraint: {'message': 'insert or update on table "profiles" violates foreign key constraint "profiles_id_fkey"', 'code': '23503', 'hint': None, 'details': 'Key (id)=(a50ce7c7-5e25-5359-a485-c4ab91c945ca) is not present in table "users".'}
INFO:     127.0.0.1:41534 - "POST /api/v1/auth/register HTTP/1.1" 201 Created
2026-08-17T15:28:52 | INFO     | httpx | HTTP Request: GET https://dvimlywgukplssjkgvks.supabase.co/rest/v1/profiles?select=%2A&id=eq.a50ce7c7-5e25-5359-a485-c4ab91c945ca "HTTP/2 406 Not Acceptable"
2026-08-17T15:28:52 | WARNING  | bluefish.routes.auth | [DEV MODE] Profile missing for a50ce7c7-5e25-5359-a485-c4ab91c945ca. Using mock data.
INFO:     127.0.0.1:41540 - "POST /api/v1/auth/login HTTP/1.1" 200 OK
2026-08-17T15:28:52 | INFO     | httpx | HTTP Request: GET https://dvimlywgukplssjkgvks.supabase.co/rest/v1/profiles?select=role&id=eq.a50ce7c7-5e25-5359-a485-c4ab91c945ca "HTTP/2 406 Not Acceptable"
2026-08-17T15:28:52 | WARNING  | bluefish.security | Could not fetch role for user a50ce7c7-5e25-5359-a485-c4ab91c945ca: {'message': 'Cannot coerce the result to a single JSON object', 'code': 'PGRST116', 'hint': None, 'details': 'The result contains 0 rows'}. Defaulting to 'fisherman'.
2026-08-17T15:28:52 | INFO     | httpx | HTTP Request: GET https://dvimlywgukplssjkgvks.supabase.co/rest/v1/profiles?select=%2A&id=eq.a50ce7c7-5e25-5359-a485-c4ab91c945ca "HTTP/2 406 Not Acceptable"
2026-08-17T15:28:52 | WARNING  | bluefish.routes.auth | Profile fetch failed for a50ce7c7-5e25-5359-a485-c4ab91c945ca: {'message': 'Cannot coerce the result to a single JSON object', 'code': 'PGRST116', 'hint': None, 'details': 'The result contains 0 rows'}
2026-08-17T15:28:52 | INFO     | httpx | HTTP Request: GET https://dvimlywgukplssjkgvks.supabase.co/rest/v1/vessels?select=mmsi%2Cvessel_type&owner_id=eq.a50ce7c7-5e25-5359-a485-c4ab91c945ca "HTTP/2 200 OK"
INFO:     127.0.0.1:41548 - "GET /api/v1/auth/me HTTP/1.1" 200 OK
2026-08-17T15:28:52 | INFO     | httpx | HTTP Request: POST https://dvimlywgukplssjkgvks.supabase.co/rest/v1/profiles "HTTP/2 409 Conflict"
2026-08-17T15:28:52 | WARNING  | bluefish.routes.auth | [DEV MODE] Skipping profile insert due to auth.users FK constraint: {'message': 'insert or update on table "profiles" violates foreign key constraint "profiles_id_fkey"', 'code': '23503', 'hint': None, 'details': 'Key (id)=(589399f2-61ab-574d-89eb-08b78c61dc95) is not present in table "users".'}
INFO:     127.0.0.1:41556 - "POST /api/v1/auth/register HTTP/1.1" 201 Created
2026-08-17T15:28:52 | INFO     | httpx | HTTP Request: GET https://dvimlywgukplssjkgvks.supabase.co/rest/v1/profiles?select=%2A&id=eq.589399f2-61ab-574d-89eb-08b78c61dc95 "HTTP/2 406 Not Acceptable"
2026-08-17T15:28:52 | WARNING  | bluefish.routes.auth | [DEV MODE] Profile missing for 589399f2-61ab-574d-89eb-08b78c61dc95. Using mock data.
INFO:     127.0.0.1:41566 - "POST /api/v1/auth/login HTTP/1.1" 200 OK
2026-08-17T15:28:52 | INFO     | httpx | HTTP Request: GET https://dvimlywgukplssjkgvks.supabase.co/rest/v1/profiles?select=role&id=eq.589399f2-61ab-574d-89eb-08b78c61dc95 "HTTP/2 406 Not Acceptable"
2026-08-17T15:28:52 | WARNING  | bluefish.security | Could not fetch role for user 589399f2-61ab-574d-89eb-08b78c61dc95: {'message': 'Cannot coerce the result to a single JSON object', 'code': 'PGRST116', 'hint': None, 'details': 'The result contains 0 rows'}. Defaulting to 'fisherman'.
2026-08-17T15:28:52 | INFO     | httpx | HTTP Request: GET https://dvimlywgukplssjkgvks.supabase.co/rest/v1/profiles?select=%2A&id=eq.589399f2-61ab-574d-89eb-08b78c61dc95 "HTTP/2 406 Not Acceptable"
2026-08-17T15:28:52 | WARNING  | bluefish.routes.auth | Profile fetch failed for 589399f2-61ab-574d-89eb-08b78c61dc95: {'message': 'Cannot coerce the result to a single JSON object', 'code': 'PGRST116', 'hint': None, 'details': 'The result contains 0 rows'}
2026-08-17T15:28:52 | INFO     | httpx | HTTP Request: GET https://dvimlywgukplssjkgvks.supabase.co/rest/v1/vessels?select=mmsi%2Cvessel_type&owner_id=eq.589399f2-61ab-574d-89eb-08b78c61dc95 "HTTP/2 200 OK"
INFO:     127.0.0.1:41570 - "GET /api/v1/auth/me HTTP/1.1" 200 OK
2026-08-17T15:28:52 | INFO     | httpx | HTTP Request: POST https://dvimlywgukplssjkgvks.supabase.co/rest/v1/profiles "HTTP/2 409 Conflict"
2026-08-17T15:28:52 | WARNING  | bluefish.routes.auth | [DEV MODE] Skipping profile insert due to auth.users FK constraint: {'message': 'insert or update on table "profiles" violates foreign key constraint "profiles_id_fkey"', 'code': '23503', 'hint': None, 'details': 'Key (id)=(09c6e628-b4c1-506f-8f2c-1427e33fdd11) is not present in table "users".'}
INFO:     127.0.0.1:41580 - "POST /api/v1/auth/register HTTP/1.1" 201 Created
2026-08-17T15:28:52 | INFO     | httpx | HTTP Request: GET https://dvimlywgukplssjkgvks.supabase.co/rest/v1/profiles?select=%2A&id=eq.09c6e628-b4c1-506f-8f2c-1427e33fdd11 "HTTP/2 406 Not Acceptable"
2026-08-17T15:28:52 | WARNING  | bluefish.routes.auth | [DEV MODE] Profile missing for 09c6e628-b4c1-506f-8f2c-1427e33fdd11. Using mock data.
INFO:     127.0.0.1:41592 - "POST /api/v1/auth/login HTTP/1.1" 200 OK
2026-08-17T15:28:53 | INFO     | httpx | HTTP Request: GET https://dvimlywgukplssjkgvks.supabase.co/rest/v1/profiles?select=role&id=eq.09c6e628-b4c1-506f-8f2c-1427e33fdd11 "HTTP/2 406 Not Acceptable"
2026-08-17T15:28:53 | WARNING  | bluefish.security | Could not fetch role for user 09c6e628-b4c1-506f-8f2c-1427e33fdd11: {'message': 'Cannot coerce the result to a single JSON object', 'code': 'PGRST116', 'hint': None, 'details': 'The result contains 0 rows'}. Defaulting to 'fisherman'.
2026-08-17T15:28:53 | INFO     | httpx | HTTP Request: GET https://dvimlywgukplssjkgvks.supabase.co/rest/v1/profiles?select=%2A&id=eq.09c6e628-b4c1-506f-8f2c-1427e33fdd11 "HTTP/2 406 Not Acceptable"
2026-08-17T15:28:53 | WARNING  | bluefish.routes.auth | Profile fetch failed for 09c6e628-b4c1-506f-8f2c-1427e33fdd11: {'message': 'Cannot coerce the result to a single JSON object', 'code': 'PGRST116', 'hint': None, 'details': 'The result contains 0 rows'}
2026-08-17T15:28:53 | INFO     | httpx | HTTP Request: GET https://dvimlywgukplssjkgvks.supabase.co/rest/v1/vessels?select=mmsi%2Cvessel_type&owner_id=eq.09c6e628-b4c1-506f-8f2c-1427e33fdd11 "HTTP/2 200 OK"
INFO:     127.0.0.1:41604 - "GET /api/v1/auth/me HTTP/1.1" 200 OK
2026-08-17T15:28:53 | INFO     | httpx | HTTP Request: POST https://dvimlywgukplssjkgvks.supabase.co/rest/v1/profiles "HTTP/2 409 Conflict"
2026-08-17T15:28:53 | WARNING  | bluefish.routes.auth | [DEV MODE] Skipping profile insert due to auth.users FK constraint: {'message': 'insert or update on table "profiles" violates foreign key constraint "profiles_id_fkey"', 'code': '23503', 'hint': None, 'details': 'Key (id)=(af327532-994b-5129-ab89-6929f9ac39c2) is not present in table "users".'}
INFO:     127.0.0.1:41620 - "POST /api/v1/auth/register HTTP/1.1" 201 Created
2026-08-17T15:28:53 | INFO     | httpx | HTTP Request: GET https://dvimlywgukplssjkgvks.supabase.co/rest/v1/profiles?select=%2A&id=eq.af327532-994b-5129-ab89-6929f9ac39c2 "HTTP/2 406 Not Acceptable"
2026-08-17T15:28:53 | WARNING  | bluefish.routes.auth | [DEV MODE] Profile missing for af327532-994b-5129-ab89-6929f9ac39c2. Using mock data.
INFO:     127.0.0.1:41624 - "POST /api/v1/auth/login HTTP/1.1" 200 OK
2026-08-17T15:28:53 | INFO     | httpx | HTTP Request: GET https://dvimlywgukplssjkgvks.supabase.co/rest/v1/profiles?select=role&id=eq.af327532-994b-5129-ab89-6929f9ac39c2 "HTTP/2 406 Not Acceptable"
2026-08-17T15:28:53 | WARNING  | bluefish.security | Could not fetch role for user af327532-994b-5129-ab89-6929f9ac39c2: {'message': 'Cannot coerce the result to a single JSON object', 'code': 'PGRST116', 'hint': None, 'details': 'The result contains 0 rows'}. Defaulting to 'fisherman'.
2026-08-17T15:28:53 | INFO     | httpx | HTTP Request: GET https://dvimlywgukplssjkgvks.supabase.co/rest/v1/profiles?select=%2A&id=eq.af327532-994b-5129-ab89-6929f9ac39c2 "HTTP/2 406 Not Acceptable"
2026-08-17T15:28:53 | WARNING  | bluefish.routes.auth | Profile fetch failed for af327532-994b-5129-ab89-6929f9ac39c2: {'message': 'Cannot coerce the result to a single JSON object', 'code': 'PGRST116', 'hint': None, 'details': 'The result contains 0 rows'}
2026-08-17T15:28:53 | INFO     | httpx | HTTP Request: GET https://dvimlywgukplssjkgvks.supabase.co/rest/v1/vessels?select=mmsi%2Cvessel_type&owner_id=eq.af327532-994b-5129-ab89-6929f9ac39c2 "HTTP/2 200 OK"
INFO:     127.0.0.1:41626 - "GET /api/v1/auth/me HTTP/1.1" 200 OK
2026-08-17T15:28:53 | INFO     | httpx | HTTP Request: POST https://dvimlywgukplssjkgvks.supabase.co/rest/v1/profiles "HTTP/2 409 Conflict"
2026-08-17T15:28:53 | WARNING  | bluefish.routes.auth | [DEV MODE] Skipping profile insert due to auth.users FK constraint: {'message': 'insert or update on table "profiles" violates foreign key constraint "profiles_id_fkey"', 'code': '23503', 'hint': None, 'details': 'Key (id)=(f2296aae-32fb-5951-9cf4-85bea980f4c0) is not present in table "users".'}
INFO:     127.0.0.1:41640 - "POST /api/v1/auth/register HTTP/1.1" 201 Created
2026-08-17T15:28:53 | INFO     | httpx | HTTP Request: GET https://dvimlywgukplssjkgvks.supabase.co/rest/v1/profiles?select=%2A&id=eq.f2296aae-32fb-5951-9cf4-85bea980f4c0 "HTTP/2 406 Not Acceptable"
2026-08-17T15:28:53 | WARNING  | bluefish.routes.auth | [DEV MODE] Profile missing for f2296aae-32fb-5951-9cf4-85bea980f4c0. Using mock data.
INFO:     127.0.0.1:41648 - "POST /api/v1/auth/login HTTP/1.1" 200 OK
2026-08-17T15:28:53 | INFO     | httpx | HTTP Request: GET https://dvimlywgukplssjkgvks.supabase.co/rest/v1/profiles?select=role&id=eq.f2296aae-32fb-5951-9cf4-85bea980f4c0 "HTTP/2 406 Not Acceptable"
2026-08-17T15:28:53 | WARNING  | bluefish.security | Could not fetch role for user f2296aae-32fb-5951-9cf4-85bea980f4c0: {'message': 'Cannot coerce the result to a single JSON object', 'code': 'PGRST116', 'hint': None, 'details': 'The result contains 0 rows'}. Defaulting to 'fisherman'.
2026-08-17T15:28:53 | INFO     | httpx | HTTP Request: GET https://dvimlywgukplssjkgvks.supabase.co/rest/v1/profiles?select=%2A&id=eq.f2296aae-32fb-5951-9cf4-85bea980f4c0 "HTTP/2 406 Not Acceptable"
2026-08-17T15:28:53 | WARNING  | bluefish.routes.auth | Profile fetch failed for f2296aae-32fb-5951-9cf4-85bea980f4c0: {'message': 'Cannot coerce the result to a single JSON object', 'code': 'PGRST116', 'hint': None, 'details': 'The result contains 0 rows'}
2026-08-17T15:28:53 | INFO     | httpx | HTTP Request: GET https://dvimlywgukplssjkgvks.supabase.co/rest/v1/vessels?select=mmsi%2Cvessel_type&owner_id=eq.f2296aae-32fb-5951-9cf4-85bea980f4c0 "HTTP/2 200 OK"
INFO:     127.0.0.1:41658 - "GET /api/v1/auth/me HTTP/1.1" 200 OK
2026-08-17T15:28:54 | INFO     | httpx | HTTP Request: POST https://dvimlywgukplssjkgvks.supabase.co/rest/v1/profiles "HTTP/2 409 Conflict"
2026-08-17T15:28:54 | WARNING  | bluefish.routes.auth | [DEV MODE] Skipping profile insert due to auth.users FK constraint: {'message': 'insert or update on table "profiles" violates foreign key constraint "profiles_id_fkey"', 'code': '23503', 'hint': None, 'details': 'Key (id)=(d4ba3125-a49a-538e-a0c7-e3150d8c3f56) is not present in table "users".'}
INFO:     127.0.0.1:41670 - "POST /api/v1/auth/register HTTP/1.1" 201 Created
2026-08-17T15:28:54 | INFO     | httpx | HTTP Request: GET https://dvimlywgukplssjkgvks.supabase.co/rest/v1/profiles?select=%2A&id=eq.d4ba3125-a49a-538e-a0c7-e3150d8c3f56 "HTTP/2 406 Not Acceptable"
2026-08-17T15:28:54 | WARNING  | bluefish.routes.auth | [DEV MODE] Profile missing for d4ba3125-a49a-538e-a0c7-e3150d8c3f56. Using mock data.
INFO:     127.0.0.1:41674 - "POST /api/v1/auth/login HTTP/1.1" 200 OK
2026-08-17T15:28:54 | INFO     | httpx | HTTP Request: GET https://dvimlywgukplssjkgvks.supabase.co/rest/v1/profiles?select=role&id=eq.d4ba3125-a49a-538e-a0c7-e3150d8c3f56 "HTTP/2 406 Not Acceptable"
2026-08-17T15:28:54 | WARNING  | bluefish.security | Could not fetch role for user d4ba3125-a49a-538e-a0c7-e3150d8c3f56: {'message': 'Cannot coerce the result to a single JSON object', 'code': 'PGRST116', 'hint': None, 'details': 'The result contains 0 rows'}. Defaulting to 'fisherman'.
2026-08-17T15:28:54 | INFO     | httpx | HTTP Request: GET https://dvimlywgukplssjkgvks.supabase.co/rest/v1/profiles?select=%2A&id=eq.d4ba3125-a49a-538e-a0c7-e3150d8c3f56 "HTTP/2 406 Not Acceptable"
2026-08-17T15:28:54 | WARNING  | bluefish.routes.auth | Profile fetch failed for d4ba3125-a49a-538e-a0c7-e3150d8c3f56: {'message': 'Cannot coerce the result to a single JSON object', 'code': 'PGRST116', 'hint': None, 'details': 'The result contains 0 rows'}
2026-08-17T15:28:54 | INFO     | httpx | HTTP Request: GET https://dvimlywgukplssjkgvks.supabase.co/rest/v1/vessels?select=mmsi%2Cvessel_type&owner_id=eq.d4ba3125-a49a-538e-a0c7-e3150d8c3f56 "HTTP/2 200 OK"
INFO:     127.0.0.1:41678 - "GET /api/v1/auth/me HTTP/1.1" 200 OK
2026-08-17T15:28:54 | INFO     | httpx | HTTP Request: POST https://dvimlywgukplssjkgvks.supabase.co/rest/v1/profiles "HTTP/2 409 Conflict"
2026-08-17T15:28:54 | WARNING  | bluefish.routes.auth | [DEV MODE] Skipping profile insert due to auth.users FK constraint: {'message': 'insert or update on table "profiles" violates foreign key constraint "profiles_id_fkey"', 'code': '23503', 'hint': None, 'details': 'Key (id)=(14eb192c-d06f-5b1a-893d-c508b077a596) is not present in table "users".'}
INFO:     127.0.0.1:41688 - "POST /api/v1/auth/register HTTP/1.1" 201 Created
2026-08-17T15:28:54 | INFO     | httpx | HTTP Request: GET https://dvimlywgukplssjkgvks.supabase.co/rest/v1/profiles?select=%2A&id=eq.14eb192c-d06f-5b1a-893d-c508b077a596 "HTTP/2 406 Not Acceptable"
2026-08-17T15:28:54 | WARNING  | bluefish.routes.auth | [DEV MODE] Profile missing for 14eb192c-d06f-5b1a-893d-c508b077a596. Using mock data.
INFO:     127.0.0.1:41704 - "POST /api/v1/auth/login HTTP/1.1" 200 OK
2026-08-17T15:28:54 | INFO     | httpx | HTTP Request: GET https://dvimlywgukplssjkgvks.supabase.co/rest/v1/profiles?select=role&id=eq.14eb192c-d06f-5b1a-893d-c508b077a596 "HTTP/2 406 Not Acceptable"
2026-08-17T15:28:54 | WARNING  | bluefish.security | Could not fetch role for user 14eb192c-d06f-5b1a-893d-c508b077a596: {'message': 'Cannot coerce the result to a single JSON object', 'code': 'PGRST116', 'hint': None, 'details': 'The result contains 0 rows'}. Defaulting to 'fisherman'.
2026-08-17T15:28:54 | INFO     | httpx | HTTP Request: GET https://dvimlywgukplssjkgvks.supabase.co/rest/v1/profiles?select=%2A&id=eq.14eb192c-d06f-5b1a-893d-c508b077a596 "HTTP/2 406 Not Acceptable"
2026-08-17T15:28:54 | WARNING  | bluefish.routes.auth | Profile fetch failed for 14eb192c-d06f-5b1a-893d-c508b077a596: {'message': 'Cannot coerce the result to a single JSON object', 'code': 'PGRST116', 'hint': None, 'details': 'The result contains 0 rows'}
2026-08-17T15:28:54 | INFO     | httpx | HTTP Request: GET https://dvimlywgukplssjkgvks.supabase.co/rest/v1/vessels?select=mmsi%2Cvessel_type&owner_id=eq.14eb192c-d06f-5b1a-893d-c508b077a596 "HTTP/2 200 OK"
INFO:     127.0.0.1:41718 - "GET /api/v1/auth/me HTTP/1.1" 200 OK
2026-08-17T15:28:55 | INFO     | httpx | HTTP Request: POST https://dvimlywgukplssjkgvks.supabase.co/rest/v1/profiles "HTTP/2 409 Conflict"
2026-08-17T15:28:55 | WARNING  | bluefish.routes.auth | [DEV MODE] Skipping profile insert due to auth.users FK constraint: {'message': 'insert or update on table "profiles" violates foreign key constraint "profiles_id_fkey"', 'code': '23503', 'hint': None, 'details': 'Key (id)=(4b1abaaf-9462-53c9-883b-9449fbe8b383) is not present in table "users".'}
INFO:     127.0.0.1:41732 - "POST /api/v1/auth/register HTTP/1.1" 201 Created
2026-08-17T15:28:55 | INFO     | httpx | HTTP Request: GET https://dvimlywgukplssjkgvks.supabase.co/rest/v1/profiles?select=%2A&id=eq.4b1abaaf-9462-53c9-883b-9449fbe8b383 "HTTP/2 406 Not Acceptable"
2026-08-17T15:28:55 | WARNING  | bluefish.routes.auth | [DEV MODE] Profile missing for 4b1abaaf-9462-53c9-883b-9449fbe8b383. Using mock data.
INFO:     127.0.0.1:41746 - "POST /api/v1/auth/login HTTP/1.1" 200 OK
2026-08-17T15:28:55 | INFO     | httpx | HTTP Request: GET https://dvimlywgukplssjkgvks.supabase.co/rest/v1/profiles?select=role&id=eq.4b1abaaf-9462-53c9-883b-9449fbe8b383 "HTTP/2 406 Not Acceptable"
2026-08-17T15:28:55 | WARNING  | bluefish.security | Could not fetch role for user 4b1abaaf-9462-53c9-883b-9449fbe8b383: {'message': 'Cannot coerce the result to a single JSON object', 'code': 'PGRST116', 'hint': None, 'details': 'The result contains 0 rows'}. Defaulting to 'fisherman'.
2026-08-17T15:28:55 | INFO     | httpx | HTTP Request: GET https://dvimlywgukplssjkgvks.supabase.co/rest/v1/profiles?select=%2A&id=eq.4b1abaaf-9462-53c9-883b-9449fbe8b383 "HTTP/2 406 Not Acceptable"
2026-08-17T15:28:55 | WARNING  | bluefish.routes.auth | Profile fetch failed for 4b1abaaf-9462-53c9-883b-9449fbe8b383: {'message': 'Cannot coerce the result to a single JSON object', 'code': 'PGRST116', 'hint': None, 'details': 'The result contains 0 rows'}
2026-08-17T15:28:55 | INFO     | httpx | HTTP Request: GET https://dvimlywgukplssjkgvks.supabase.co/rest/v1/vessels?select=mmsi%2Cvessel_type&owner_id=eq.4b1abaaf-9462-53c9-883b-9449fbe8b383 "HTTP/2 200 OK"
INFO:     127.0.0.1:41752 - "GET /api/v1/auth/me HTTP/1.1" 200 OK
2026-08-17T15:28:55 | INFO     | httpx | HTTP Request: POST https://dvimlywgukplssjkgvks.supabase.co/rest/v1/profiles "HTTP/2 409 Conflict"
2026-08-17T15:28:55 | WARNING  | bluefish.routes.auth | [DEV MODE] Skipping profile insert due to auth.users FK constraint: {'message': 'insert or update on table "profiles" violates foreign key constraint "profiles_id_fkey"', 'code': '23503', 'hint': None, 'details': 'Key (id)=(0d407c61-ff9c-5497-bf85-ac90eee46dea) is not present in table "users".'}
INFO:     127.0.0.1:41766 - "POST /api/v1/auth/register HTTP/1.1" 201 Created
2026-08-17T15:28:55 | INFO     | httpx | HTTP Request: GET https://dvimlywgukplssjkgvks.supabase.co/rest/v1/profiles?select=%2A&id=eq.0d407c61-ff9c-5497-bf85-ac90eee46dea "HTTP/2 406 Not Acceptable"
2026-08-17T15:28:55 | WARNING  | bluefish.routes.auth | [DEV MODE] Profile missing for 0d407c61-ff9c-5497-bf85-ac90eee46dea. Using mock data.
INFO:     127.0.0.1:41770 - "POST /api/v1/auth/login HTTP/1.1" 200 OK
2026-08-17T15:28:55 | INFO     | httpx | HTTP Request: GET https://dvimlywgukplssjkgvks.supabase.co/rest/v1/profiles?select=role&id=eq.0d407c61-ff9c-5497-bf85-ac90eee46dea "HTTP/2 406 Not Acceptable"
2026-08-17T15:28:55 | WARNING  | bluefish.security | Could not fetch role for user 0d407c61-ff9c-5497-bf85-ac90eee46dea: {'message': 'Cannot coerce the result to a single JSON object', 'code': 'PGRST116', 'hint': None, 'details': 'The result contains 0 rows'}. Defaulting to 'fisherman'.
2026-08-17T15:28:55 | INFO     | httpx | HTTP Request: GET https://dvimlywgukplssjkgvks.supabase.co/rest/v1/profiles?select=%2A&id=eq.0d407c61-ff9c-5497-bf85-ac90eee46dea "HTTP/2 406 Not Acceptable"
2026-08-17T15:28:55 | WARNING  | bluefish.routes.auth | Profile fetch failed for 0d407c61-ff9c-5497-bf85-ac90eee46dea: {'message': 'Cannot coerce the result to a single JSON object', 'code': 'PGRST116', 'hint': None, 'details': 'The result contains 0 rows'}
2026-08-17T15:28:55 | INFO     | httpx | HTTP Request: GET https://dvimlywgukplssjkgvks.supabase.co/rest/v1/vessels?select=mmsi%2Cvessel_type&owner_id=eq.0d407c61-ff9c-5497-bf85-ac90eee46dea "HTTP/2 200 OK"
INFO:     127.0.0.1:41776 - "GET /api/v1/auth/me HTTP/1.1" 200 OK
2026-08-17T15:28:55 | INFO     | httpx | HTTP Request: POST https://dvimlywgukplssjkgvks.supabase.co/rest/v1/profiles "HTTP/2 409 Conflict"
2026-08-17T15:28:55 | WARNING  | bluefish.routes.auth | [DEV MODE] Skipping profile insert due to auth.users FK constraint: {'message': 'insert or update on table "profiles" violates foreign key constraint "profiles_id_fkey"', 'code': '23503', 'hint': None, 'details': 'Key (id)=(76d29733-5f31-587e-88a8-0850281e0c2d) is not present in table "users".'}
INFO:     127.0.0.1:41792 - "POST /api/v1/auth/register HTTP/1.1" 201 Created
2026-08-17T15:28:55 | INFO     | httpx | HTTP Request: GET https://dvimlywgukplssjkgvks.supabase.co/rest/v1/profiles?select=%2A&id=eq.76d29733-5f31-587e-88a8-0850281e0c2d "HTTP/2 406 Not Acceptable"
2026-08-17T15:28:55 | WARNING  | bluefish.routes.auth | [DEV MODE] Profile missing for 76d29733-5f31-587e-88a8-0850281e0c2d. Using mock data.
INFO:     127.0.0.1:41802 - "POST /api/v1/auth/login HTTP/1.1" 200 OK
2026-08-17T15:28:56 | INFO     | httpx | HTTP Request: GET https://dvimlywgukplssjkgvks.supabase.co/rest/v1/profiles?select=role&id=eq.76d29733-5f31-587e-88a8-0850281e0c2d "HTTP/2 406 Not Acceptable"
2026-08-17T15:28:56 | WARNING  | bluefish.security | Could not fetch role for user 76d29733-5f31-587e-88a8-0850281e0c2d: {'message': 'Cannot coerce the result to a single JSON object', 'code': 'PGRST116', 'hint': None, 'details': 'The result contains 0 rows'}. Defaulting to 'fisherman'.
2026-08-17T15:28:56 | INFO     | httpx | HTTP Request: GET https://dvimlywgukplssjkgvks.supabase.co/rest/v1/profiles?select=%2A&id=eq.76d29733-5f31-587e-88a8-0850281e0c2d "HTTP/2 406 Not Acceptable"
2026-08-17T15:28:56 | WARNING  | bluefish.routes.auth | Profile fetch failed for 76d29733-5f31-587e-88a8-0850281e0c2d: {'message': 'Cannot coerce the result to a single JSON object', 'code': 'PGRST116', 'hint': None, 'details': 'The result contains 0 rows'}
2026-08-17T15:28:56 | INFO     | httpx | HTTP Request: GET https://dvimlywgukplssjkgvks.supabase.co/rest/v1/vessels?select=mmsi%2Cvessel_type&owner_id=eq.76d29733-5f31-587e-88a8-0850281e0c2d "HTTP/2 200 OK"
INFO:     127.0.0.1:41816 - "GET /api/v1/auth/me HTTP/1.1" 200 OK
2026-08-17T15:28:56 | INFO     | httpx | HTTP Request: POST https://dvimlywgukplssjkgvks.supabase.co/rest/v1/profiles "HTTP/2 409 Conflict"
2026-08-17T15:28:56 | WARNING  | bluefish.routes.auth | [DEV MODE] Skipping profile insert due to auth.users FK constraint: {'message': 'insert or update on table "profiles" violates foreign key constraint "profiles_id_fkey"', 'code': '23503', 'hint': None, 'details': 'Key (id)=(6a6fd2bd-0691-5ce6-849a-5ac0bac7dd16) is not present in table "users".'}
INFO:     127.0.0.1:41832 - "POST /api/v1/auth/register HTTP/1.1" 201 Created
2026-08-17T15:28:56 | INFO     | httpx | HTTP Request: GET https://dvimlywgukplssjkgvks.supabase.co/rest/v1/profiles?select=%2A&id=eq.6a6fd2bd-0691-5ce6-849a-5ac0bac7dd16 "HTTP/2 406 Not Acceptable"
2026-08-17T15:28:56 | WARNING  | bluefish.routes.auth | [DEV MODE] Profile missing for 6a6fd2bd-0691-5ce6-849a-5ac0bac7dd16. Using mock data.
INFO:     127.0.0.1:41838 - "POST /api/v1/auth/login HTTP/1.1" 200 OK
2026-08-17T15:28:56 | INFO     | httpx | HTTP Request: GET https://dvimlywgukplssjkgvks.supabase.co/rest/v1/profiles?select=role&id=eq.6a6fd2bd-0691-5ce6-849a-5ac0bac7dd16 "HTTP/2 406 Not Acceptable"
2026-08-17T15:28:56 | WARNING  | bluefish.security | Could not fetch role for user 6a6fd2bd-0691-5ce6-849a-5ac0bac7dd16: {'message': 'Cannot coerce the result to a single JSON object', 'code': 'PGRST116', 'hint': None, 'details': 'The result contains 0 rows'}. Defaulting to 'fisherman'.
2026-08-17T15:28:56 | INFO     | httpx | HTTP Request: GET https://dvimlywgukplssjkgvks.supabase.co/rest/v1/profiles?select=%2A&id=eq.6a6fd2bd-0691-5ce6-849a-5ac0bac7dd16 "HTTP/2 406 Not Acceptable"
2026-08-17T15:28:56 | WARNING  | bluefish.routes.auth | Profile fetch failed for 6a6fd2bd-0691-5ce6-849a-5ac0bac7dd16: {'message': 'Cannot coerce the result to a single JSON object', 'code': 'PGRST116', 'hint': None, 'details': 'The result contains 0 rows'}
2026-08-17T15:28:56 | INFO     | httpx | HTTP Request: GET https://dvimlywgukplssjkgvks.supabase.co/rest/v1/vessels?select=mmsi%2Cvessel_type&owner_id=eq.6a6fd2bd-0691-5ce6-849a-5ac0bac7dd16 "HTTP/2 200 OK"
INFO:     127.0.0.1:41850 - "GET /api/v1/auth/me HTTP/1.1" 200 OK
2026-08-17T15:28:56 | INFO     | httpx | HTTP Request: POST https://dvimlywgukplssjkgvks.supabase.co/rest/v1/profiles "HTTP/2 409 Conflict"
2026-08-17T15:28:56 | WARNING  | bluefish.routes.auth | [DEV MODE] Skipping profile insert due to auth.users FK constraint: {'message': 'insert or update on table "profiles" violates foreign key constraint "profiles_id_fkey"', 'code': '23503', 'hint': None, 'details': 'Key (id)=(2ae8419d-dee4-50ef-a5b0-867ef8f1f618) is not present in table "users".'}
INFO:     127.0.0.1:41864 - "POST /api/v1/auth/register HTTP/1.1" 201 Created
2026-08-17T15:28:56 | INFO     | httpx | HTTP Request: GET https://dvimlywgukplssjkgvks.supabase.co/rest/v1/profiles?select=%2A&id=eq.2ae8419d-dee4-50ef-a5b0-867ef8f1f618 "HTTP/2 406 Not Acceptable"
2026-08-17T15:28:56 | WARNING  | bluefish.routes.auth | [DEV MODE] Profile missing for 2ae8419d-dee4-50ef-a5b0-867ef8f1f618. Using mock data.
INFO:     127.0.0.1:41880 - "POST /api/v1/auth/login HTTP/1.1" 200 OK
2026-08-17T15:28:56 | INFO     | httpx | HTTP Request: GET https://dvimlywgukplssjkgvks.supabase.co/rest/v1/profiles?select=role&id=eq.2ae8419d-dee4-50ef-a5b0-867ef8f1f618 "HTTP/2 406 Not Acceptable"
2026-08-17T15:28:56 | WARNING  | bluefish.security | Could not fetch role for user 2ae8419d-dee4-50ef-a5b0-867ef8f1f618: {'message': 'Cannot coerce the result to a single JSON object', 'code': 'PGRST116', 'hint': None, 'details': 'The result contains 0 rows'}. Defaulting to 'fisherman'.
2026-08-17T15:28:56 | INFO     | httpx | HTTP Request: GET https://dvimlywgukplssjkgvks.supabase.co/rest/v1/profiles?select=%2A&id=eq.2ae8419d-dee4-50ef-a5b0-867ef8f1f618 "HTTP/2 406 Not Acceptable"
2026-08-17T15:28:56 | WARNING  | bluefish.routes.auth | Profile fetch failed for 2ae8419d-dee4-50ef-a5b0-867ef8f1f618: {'message': 'Cannot coerce the result to a single JSON object', 'code': 'PGRST116', 'hint': None, 'details': 'The result contains 0 rows'}
2026-08-17T15:28:56 | INFO     | httpx | HTTP Request: GET https://dvimlywgukplssjkgvks.supabase.co/rest/v1/vessels?select=mmsi%2Cvessel_type&owner_id=eq.2ae8419d-dee4-50ef-a5b0-867ef8f1f618 "HTTP/2 200 OK"
INFO:     127.0.0.1:41894 - "GET /api/v1/auth/me HTTP/1.1" 200 OK
2026-08-17T15:28:57 | INFO     | httpx | HTTP Request: POST https://dvimlywgukplssjkgvks.supabase.co/rest/v1/profiles "HTTP/2 409 Conflict"
2026-08-17T15:28:57 | WARNING  | bluefish.routes.auth | [DEV MODE] Skipping profile insert due to auth.users FK constraint: {'message': 'insert or update on table "profiles" violates foreign key constraint "profiles_id_fkey"', 'code': '23503', 'hint': None, 'details': 'Key (id)=(d67e6449-98d7-56eb-8e90-aef0ca5e4a15) is not present in table "users".'}
INFO:     127.0.0.1:41898 - "POST /api/v1/auth/register HTTP/1.1" 201 Created
2026-08-17T15:28:57 | INFO     | httpx | HTTP Request: GET https://dvimlywgukplssjkgvks.supabase.co/rest/v1/profiles?select=%2A&id=eq.d67e6449-98d7-56eb-8e90-aef0ca5e4a15 "HTTP/2 406 Not Acceptable"
2026-08-17T15:28:57 | WARNING  | bluefish.routes.auth | [DEV MODE] Profile missing for d67e6449-98d7-56eb-8e90-aef0ca5e4a15. Using mock data.
INFO:     127.0.0.1:41910 - "POST /api/v1/auth/login HTTP/1.1" 200 OK
2026-08-17T15:28:57 | INFO     | httpx | HTTP Request: GET https://dvimlywgukplssjkgvks.supabase.co/rest/v1/profiles?select=role&id=eq.d67e6449-98d7-56eb-8e90-aef0ca5e4a15 "HTTP/2 406 Not Acceptable"
2026-08-17T15:28:57 | WARNING  | bluefish.security | Could not fetch role for user d67e6449-98d7-56eb-8e90-aef0ca5e4a15: {'message': 'Cannot coerce the result to a single JSON object', 'code': 'PGRST116', 'hint': None, 'details': 'The result contains 0 rows'}. Defaulting to 'fisherman'.
2026-08-17T15:28:57 | INFO     | httpx | HTTP Request: GET https://dvimlywgukplssjkgvks.supabase.co/rest/v1/profiles?select=%2A&id=eq.d67e6449-98d7-56eb-8e90-aef0ca5e4a15 "HTTP/2 406 Not Acceptable"
2026-08-17T15:28:57 | WARNING  | bluefish.routes.auth | Profile fetch failed for d67e6449-98d7-56eb-8e90-aef0ca5e4a15: {'message': 'Cannot coerce the result to a single JSON object', 'code': 'PGRST116', 'hint': None, 'details': 'The result contains 0 rows'}
2026-08-17T15:28:57 | INFO     | httpx | HTTP Request: GET https://dvimlywgukplssjkgvks.supabase.co/rest/v1/vessels?select=mmsi%2Cvessel_type&owner_id=eq.d67e6449-98d7-56eb-8e90-aef0ca5e4a15 "HTTP/2 200 OK"
INFO:     127.0.0.1:41918 - "GET /api/v1/auth/me HTTP/1.1" 200 OK
2026-08-17T15:28:57 | INFO     | httpx | HTTP Request: POST https://dvimlywgukplssjkgvks.supabase.co/rest/v1/profiles "HTTP/2 409 Conflict"
2026-08-17T15:28:57 | WARNING  | bluefish.routes.auth | [DEV MODE] Skipping profile insert due to auth.users FK constraint: {'message': 'insert or update on table "profiles" violates foreign key constraint "profiles_id_fkey"', 'code': '23503', 'hint': None, 'details': 'Key (id)=(b69b53b1-5b00-5140-b37d-34309c9118a7) is not present in table "users".'}
INFO:     127.0.0.1:41934 - "POST /api/v1/auth/register HTTP/1.1" 201 Created
2026-08-17T15:28:57 | INFO     | httpx | HTTP Request: GET https://dvimlywgukplssjkgvks.supabase.co/rest/v1/profiles?select=%2A&id=eq.b69b53b1-5b00-5140-b37d-34309c9118a7 "HTTP/2 406 Not Acceptable"
2026-08-17T15:28:57 | WARNING  | bluefish.routes.auth | [DEV MODE] Profile missing for b69b53b1-5b00-5140-b37d-34309c9118a7. Using mock data.
INFO:     127.0.0.1:41944 - "POST /api/v1/auth/login HTTP/1.1" 200 OK
2026-08-17T15:28:57 | INFO     | httpx | HTTP Request: GET https://dvimlywgukplssjkgvks.supabase.co/rest/v1/profiles?select=role&id=eq.b69b53b1-5b00-5140-b37d-34309c9118a7 "HTTP/2 406 Not Acceptable"
2026-08-17T15:28:57 | WARNING  | bluefish.security | Could not fetch role for user b69b53b1-5b00-5140-b37d-34309c9118a7: {'message': 'Cannot coerce the result to a single JSON object', 'code': 'PGRST116', 'hint': None, 'details': 'The result contains 0 rows'}. Defaulting to 'fisherman'.
2026-08-17T15:28:57 | INFO     | httpx | HTTP Request: GET https://dvimlywgukplssjkgvks.supabase.co/rest/v1/profiles?select=%2A&id=eq.b69b53b1-5b00-5140-b37d-34309c9118a7 "HTTP/2 406 Not Acceptable"
2026-08-17T15:28:57 | WARNING  | bluefish.routes.auth | Profile fetch failed for b69b53b1-5b00-5140-b37d-34309c9118a7: {'message': 'Cannot coerce the result to a single JSON object', 'code': 'PGRST116', 'hint': None, 'details': 'The result contains 0 rows'}
2026-08-17T15:28:57 | INFO     | httpx | HTTP Request: GET https://dvimlywgukplssjkgvks.supabase.co/rest/v1/vessels?select=mmsi%2Cvessel_type&owner_id=eq.b69b53b1-5b00-5140-b37d-34309c9118a7 "HTTP/2 200 OK"
INFO:     127.0.0.1:41956 - "GET /api/v1/auth/me HTTP/1.1" 200 OK
2026-08-17T15:28:57 | INFO     | httpx | HTTP Request: POST https://dvimlywgukplssjkgvks.supabase.co/rest/v1/profiles "HTTP/2 409 Conflict"
2026-08-17T15:28:57 | WARNING  | bluefish.routes.auth | [DEV MODE] Skipping profile insert due to auth.users FK constraint: {'message': 'insert or update on table "profiles" violates foreign key constraint "profiles_id_fkey"', 'code': '23503', 'hint': None, 'details': 'Key (id)=(de6bc3a4-b5c6-561f-88cf-36ca3b3d7376) is not present in table "users".'}
INFO:     127.0.0.1:41964 - "POST /api/v1/auth/register HTTP/1.1" 201 Created
2026-08-17T15:28:57 | INFO     | httpx | HTTP Request: GET https://dvimlywgukplssjkgvks.supabase.co/rest/v1/profiles?select=%2A&id=eq.de6bc3a4-b5c6-561f-88cf-36ca3b3d7376 "HTTP/2 406 Not Acceptable"
2026-08-17T15:28:57 | WARNING  | bluefish.routes.auth | [DEV MODE] Profile missing for de6bc3a4-b5c6-561f-88cf-36ca3b3d7376. Using mock data.
INFO:     127.0.0.1:41966 - "POST /api/v1/auth/login HTTP/1.1" 200 OK
2026-08-17T15:28:58 | INFO     | httpx | HTTP Request: GET https://dvimlywgukplssjkgvks.supabase.co/rest/v1/profiles?select=role&id=eq.de6bc3a4-b5c6-561f-88cf-36ca3b3d7376 "HTTP/2 406 Not Acceptable"
2026-08-17T15:28:58 | WARNING  | bluefish.security | Could not fetch role for user de6bc3a4-b5c6-561f-88cf-36ca3b3d7376: {'message': 'Cannot coerce the result to a single JSON object', 'code': 'PGRST116', 'hint': None, 'details': 'The result contains 0 rows'}. Defaulting to 'fisherman'.
2026-08-17T15:28:58 | INFO     | httpx | HTTP Request: GET https://dvimlywgukplssjkgvks.supabase.co/rest/v1/profiles?select=%2A&id=eq.de6bc3a4-b5c6-561f-88cf-36ca3b3d7376 "HTTP/2 406 Not Acceptable"
2026-08-17T15:28:58 | WARNING  | bluefish.routes.auth | Profile fetch failed for de6bc3a4-b5c6-561f-88cf-36ca3b3d7376: {'message': 'Cannot coerce the result to a single JSON object', 'code': 'PGRST116', 'hint': None, 'details': 'The result contains 0 rows'}
2026-08-17T15:28:58 | INFO     | httpx | HTTP Request: GET https://dvimlywgukplssjkgvks.supabase.co/rest/v1/vessels?select=mmsi%2Cvessel_type&owner_id=eq.de6bc3a4-b5c6-561f-88cf-36ca3b3d7376 "HTTP/2 200 OK"
INFO:     127.0.0.1:41978 - "GET /api/v1/auth/me HTTP/1.1" 200 OK
2026-08-17T15:28:58 | INFO     | httpx | HTTP Request: POST https://dvimlywgukplssjkgvks.supabase.co/rest/v1/profiles "HTTP/2 409 Conflict"
2026-08-17T15:28:58 | WARNING  | bluefish.routes.auth | [DEV MODE] Skipping profile insert due to auth.users FK constraint: {'message': 'insert or update on table "profiles" violates foreign key constraint "profiles_id_fkey"', 'code': '23503', 'hint': None, 'details': 'Key (id)=(54f22d4c-59d0-5300-a196-ad07ef2fdfa5) is not present in table "users".'}
INFO:     127.0.0.1:41988 - "POST /api/v1/auth/register HTTP/1.1" 201 Created
2026-08-17T15:28:58 | INFO     | httpx | HTTP Request: GET https://dvimlywgukplssjkgvks.supabase.co/rest/v1/profiles?select=%2A&id=eq.54f22d4c-59d0-5300-a196-ad07ef2fdfa5 "HTTP/2 406 Not Acceptable"
2026-08-17T15:28:58 | WARNING  | bluefish.routes.auth | [DEV MODE] Profile missing for 54f22d4c-59d0-5300-a196-ad07ef2fdfa5. Using mock data.
INFO:     127.0.0.1:41996 - "POST /api/v1/auth/login HTTP/1.1" 200 OK
2026-08-17T15:28:58 | INFO     | httpx | HTTP Request: GET https://dvimlywgukplssjkgvks.supabase.co/rest/v1/profiles?select=role&id=eq.54f22d4c-59d0-5300-a196-ad07ef2fdfa5 "HTTP/2 406 Not Acceptable"
2026-08-17T15:28:58 | WARNING  | bluefish.security | Could not fetch role for user 54f22d4c-59d0-5300-a196-ad07ef2fdfa5: {'message': 'Cannot coerce the result to a single JSON object', 'code': 'PGRST116', 'hint': None, 'details': 'The result contains 0 rows'}. Defaulting to 'fisherman'.
2026-08-17T15:28:58 | INFO     | httpx | HTTP Request: GET https://dvimlywgukplssjkgvks.supabase.co/rest/v1/profiles?select=%2A&id=eq.54f22d4c-59d0-5300-a196-ad07ef2fdfa5 "HTTP/2 406 Not Acceptable"
2026-08-17T15:28:58 | WARNING  | bluefish.routes.auth | Profile fetch failed for 54f22d4c-59d0-5300-a196-ad07ef2fdfa5: {'message': 'Cannot coerce the result to a single JSON object', 'code': 'PGRST116', 'hint': None, 'details': 'The result contains 0 rows'}
2026-08-17T15:28:58 | INFO     | httpx | HTTP Request: GET https://dvimlywgukplssjkgvks.supabase.co/rest/v1/vessels?select=mmsi%2Cvessel_type&owner_id=eq.54f22d4c-59d0-5300-a196-ad07ef2fdfa5 "HTTP/2 200 OK"
INFO:     127.0.0.1:42000 - "GET /api/v1/auth/me HTTP/1.1" 200 OK
2026-08-17T15:28:58 | INFO     | httpx | HTTP Request: POST https://dvimlywgukplssjkgvks.supabase.co/rest/v1/profiles "HTTP/2 409 Conflict"
2026-08-17T15:28:58 | WARNING  | bluefish.routes.auth | [DEV MODE] Skipping profile insert due to auth.users FK constraint: {'message': 'insert or update on table "profiles" violates foreign key constraint "profiles_id_fkey"', 'code': '23503', 'hint': None, 'details': 'Key (id)=(677fa8d8-5697-5d40-a060-260f057985fe) is not present in table "users".'}
INFO:     127.0.0.1:42016 - "POST /api/v1/auth/register HTTP/1.1" 201 Created
2026-08-17T15:28:58 | INFO     | httpx | HTTP Request: GET https://dvimlywgukplssjkgvks.supabase.co/rest/v1/profiles?select=%2A&id=eq.677fa8d8-5697-5d40-a060-260f057985fe "HTTP/2 406 Not Acceptable"
2026-08-17T15:28:58 | WARNING  | bluefish.routes.auth | [DEV MODE] Profile missing for 677fa8d8-5697-5d40-a060-260f057985fe. Using mock data.
INFO:     127.0.0.1:42018 - "POST /api/v1/auth/login HTTP/1.1" 200 OK
2026-08-17T15:28:58 | INFO     | httpx | HTTP Request: GET https://dvimlywgukplssjkgvks.supabase.co/rest/v1/profiles?select=role&id=eq.677fa8d8-5697-5d40-a060-260f057985fe "HTTP/2 406 Not Acceptable"
2026-08-17T15:28:58 | WARNING  | bluefish.security | Could not fetch role for user 677fa8d8-5697-5d40-a060-260f057985fe: {'message': 'Cannot coerce the result to a single JSON object', 'code': 'PGRST116', 'hint': None, 'details': 'The result contains 0 rows'}. Defaulting to 'fisherman'.
2026-08-17T15:28:58 | INFO     | httpx | HTTP Request: GET https://dvimlywgukplssjkgvks.supabase.co/rest/v1/profiles?select=%2A&id=eq.677fa8d8-5697-5d40-a060-260f057985fe "HTTP/2 406 Not Acceptable"
2026-08-17T15:28:58 | WARNING  | bluefish.routes.auth | Profile fetch failed for 677fa8d8-5697-5d40-a060-260f057985fe: {'message': 'Cannot coerce the result to a single JSON object', 'code': 'PGRST116', 'hint': None, 'details': 'The result contains 0 rows'}
2026-08-17T15:28:58 | INFO     | httpx | HTTP Request: GET https://dvimlywgukplssjkgvks.supabase.co/rest/v1/vessels?select=mmsi%2Cvessel_type&owner_id=eq.677fa8d8-5697-5d40-a060-260f057985fe "HTTP/2 200 OK"
INFO:     127.0.0.1:42022 - "GET /api/v1/auth/me HTTP/1.1" 200 OK
2026-08-17T15:28:59 | INFO     | httpx | HTTP Request: POST https://dvimlywgukplssjkgvks.supabase.co/rest/v1/profiles "HTTP/2 409 Conflict"
2026-08-17T15:28:59 | WARNING  | bluefish.routes.auth | [DEV MODE] Skipping profile insert due to auth.users FK constraint: {'message': 'insert or update on table "profiles" violates foreign key constraint "profiles_id_fkey"', 'code': '23503', 'hint': None, 'details': 'Key (id)=(082d9048-b658-5224-b67a-9149e432eee2) is not present in table "users".'}
INFO:     127.0.0.1:42026 - "POST /api/v1/auth/register HTTP/1.1" 201 Created
2026-08-17T15:28:59 | INFO     | httpx | HTTP Request: GET https://dvimlywgukplssjkgvks.supabase.co/rest/v1/profiles?select=%2A&id=eq.082d9048-b658-5224-b67a-9149e432eee2 "HTTP/2 406 Not Acceptable"
2026-08-17T15:28:59 | WARNING  | bluefish.routes.auth | [DEV MODE] Profile missing for 082d9048-b658-5224-b67a-9149e432eee2. Using mock data.
INFO:     127.0.0.1:42038 - "POST /api/v1/auth/login HTTP/1.1" 200 OK
2026-08-17T15:28:59 | INFO     | httpx | HTTP Request: GET https://dvimlywgukplssjkgvks.supabase.co/rest/v1/profiles?select=role&id=eq.082d9048-b658-5224-b67a-9149e432eee2 "HTTP/2 406 Not Acceptable"
2026-08-17T15:28:59 | WARNING  | bluefish.security | Could not fetch role for user 082d9048-b658-5224-b67a-9149e432eee2: {'message': 'Cannot coerce the result to a single JSON object', 'code': 'PGRST116', 'hint': None, 'details': 'The result contains 0 rows'}. Defaulting to 'fisherman'.
2026-08-17T15:28:59 | INFO     | httpx | HTTP Request: GET https://dvimlywgukplssjkgvks.supabase.co/rest/v1/profiles?select=%2A&id=eq.082d9048-b658-5224-b67a-9149e432eee2 "HTTP/2 406 Not Acceptable"
2026-08-17T15:28:59 | WARNING  | bluefish.routes.auth | Profile fetch failed for 082d9048-b658-5224-b67a-9149e432eee2: {'message': 'Cannot coerce the result to a single JSON object', 'code': 'PGRST116', 'hint': None, 'details': 'The result contains 0 rows'}
2026-08-17T15:28:59 | INFO     | httpx | HTTP Request: GET https://dvimlywgukplssjkgvks.supabase.co/rest/v1/vessels?select=mmsi%2Cvessel_type&owner_id=eq.082d9048-b658-5224-b67a-9149e432eee2 "HTTP/2 200 OK"
INFO:     127.0.0.1:42050 - "GET /api/v1/auth/me HTTP/1.1" 200 OK
2026-08-17T15:28:59 | INFO     | httpx | HTTP Request: POST https://dvimlywgukplssjkgvks.supabase.co/rest/v1/profiles "HTTP/2 409 Conflict"
2026-08-17T15:28:59 | WARNING  | bluefish.routes.auth | [DEV MODE] Skipping profile insert due to auth.users FK constraint: {'message': 'insert or update on table "profiles" violates foreign key constraint "profiles_id_fkey"', 'code': '23503', 'hint': None, 'details': 'Key (id)=(02ab3293-e6b7-51eb-8b49-51b724eb9223) is not present in table "users".'}
INFO:     127.0.0.1:42054 - "POST /api/v1/auth/register HTTP/1.1" 201 Created
2026-08-17T15:28:59 | INFO     | httpx | HTTP Request: GET https://dvimlywgukplssjkgvks.supabase.co/rest/v1/profiles?select=%2A&id=eq.02ab3293-e6b7-51eb-8b49-51b724eb9223 "HTTP/2 406 Not Acceptable"
2026-08-17T15:28:59 | WARNING  | bluefish.routes.auth | [DEV MODE] Profile missing for 02ab3293-e6b7-51eb-8b49-51b724eb9223. Using mock data.
INFO:     127.0.0.1:42070 - "POST /api/v1/auth/login HTTP/1.1" 200 OK
2026-08-17T15:28:59 | INFO     | httpx | HTTP Request: GET https://dvimlywgukplssjkgvks.supabase.co/rest/v1/profiles?select=role&id=eq.02ab3293-e6b7-51eb-8b49-51b724eb9223 "HTTP/2 406 Not Acceptable"
2026-08-17T15:28:59 | WARNING  | bluefish.security | Could not fetch role for user 02ab3293-e6b7-51eb-8b49-51b724eb9223: {'message': 'Cannot coerce the result to a single JSON object', 'code': 'PGRST116', 'hint': None, 'details': 'The result contains 0 rows'}. Defaulting to 'fisherman'.
2026-08-17T15:28:59 | INFO     | httpx | HTTP Request: GET https://dvimlywgukplssjkgvks.supabase.co/rest/v1/profiles?select=%2A&id=eq.02ab3293-e6b7-51eb-8b49-51b724eb9223 "HTTP/2 406 Not Acceptable"
2026-08-17T15:28:59 | WARNING  | bluefish.routes.auth | Profile fetch failed for 02ab3293-e6b7-51eb-8b49-51b724eb9223: {'message': 'Cannot coerce the result to a single JSON object', 'code': 'PGRST116', 'hint': None, 'details': 'The result contains 0 rows'}
2026-08-17T15:28:59 | INFO     | httpx | HTTP Request: GET https://dvimlywgukplssjkgvks.supabase.co/rest/v1/vessels?select=mmsi%2Cvessel_type&owner_id=eq.02ab3293-e6b7-51eb-8b49-51b724eb9223 "HTTP/2 200 OK"
INFO:     127.0.0.1:42084 - "GET /api/v1/auth/me HTTP/1.1" 200 OK
2026-08-17T15:28:59 | INFO     | httpx | HTTP Request: POST https://dvimlywgukplssjkgvks.supabase.co/rest/v1/profiles "HTTP/2 409 Conflict"
2026-08-17T15:28:59 | WARNING  | bluefish.routes.auth | [DEV MODE] Skipping profile insert due to auth.users FK constraint: {'message': 'insert or update on table "profiles" violates foreign key constraint "profiles_id_fkey"', 'code': '23503', 'hint': None, 'details': 'Key (id)=(1bd6eb02-a791-54a5-af21-cf7698ee45a2) is not present in table "users".'}
INFO:     127.0.0.1:42094 - "POST /api/v1/auth/register HTTP/1.1" 201 Created
2026-08-17T15:28:59 | INFO     | httpx | HTTP Request: GET https://dvimlywgukplssjkgvks.supabase.co/rest/v1/profiles?select=%2A&id=eq.1bd6eb02-a791-54a5-af21-cf7698ee45a2 "HTTP/2 406 Not Acceptable"
2026-08-17T15:28:59 | WARNING  | bluefish.routes.auth | [DEV MODE] Profile missing for 1bd6eb02-a791-54a5-af21-cf7698ee45a2. Using mock data.
INFO:     127.0.0.1:42096 - "POST /api/v1/auth/login HTTP/1.1" 200 OK
2026-08-17T15:29:00 | INFO     | httpx | HTTP Request: GET https://dvimlywgukplssjkgvks.supabase.co/rest/v1/profiles?select=role&id=eq.1bd6eb02-a791-54a5-af21-cf7698ee45a2 "HTTP/2 406 Not Acceptable"
2026-08-17T15:29:00 | WARNING  | bluefish.security | Could not fetch role for user 1bd6eb02-a791-54a5-af21-cf7698ee45a2: {'message': 'Cannot coerce the result to a single JSON object', 'code': 'PGRST116', 'hint': None, 'details': 'The result contains 0 rows'}. Defaulting to 'fisherman'.
2026-08-17T15:29:00 | INFO     | httpx | HTTP Request: GET https://dvimlywgukplssjkgvks.supabase.co/rest/v1/profiles?select=%2A&id=eq.1bd6eb02-a791-54a5-af21-cf7698ee45a2 "HTTP/2 406 Not Acceptable"
2026-08-17T15:29:00 | WARNING  | bluefish.routes.auth | Profile fetch failed for 1bd6eb02-a791-54a5-af21-cf7698ee45a2: {'message': 'Cannot coerce the result to a single JSON object', 'code': 'PGRST116', 'hint': None, 'details': 'The result contains 0 rows'}
2026-08-17T15:29:00 | INFO     | httpx | HTTP Request: GET https://dvimlywgukplssjkgvks.supabase.co/rest/v1/vessels?select=mmsi%2Cvessel_type&owner_id=eq.1bd6eb02-a791-54a5-af21-cf7698ee45a2 "HTTP/2 200 OK"
INFO:     127.0.0.1:42108 - "GET /api/v1/auth/me HTTP/1.1" 200 OK
2026-08-17T15:29:00 | INFO     | httpx | HTTP Request: POST https://dvimlywgukplssjkgvks.supabase.co/rest/v1/profiles "HTTP/2 409 Conflict"
2026-08-17T15:29:00 | WARNING  | bluefish.routes.auth | [DEV MODE] Skipping profile insert due to auth.users FK constraint: {'message': 'insert or update on table "profiles" violates foreign key constraint "profiles_id_fkey"', 'code': '23503', 'hint': None, 'details': 'Key (id)=(4eea57ef-70e4-592c-9809-143146b9b523) is not present in table "users".'}
INFO:     127.0.0.1:42118 - "POST /api/v1/auth/register HTTP/1.1" 201 Created
2026-08-17T15:29:00 | INFO     | httpx | HTTP Request: GET https://dvimlywgukplssjkgvks.supabase.co/rest/v1/profiles?select=%2A&id=eq.4eea57ef-70e4-592c-9809-143146b9b523 "HTTP/2 406 Not Acceptable"
2026-08-17T15:29:00 | WARNING  | bluefish.routes.auth | [DEV MODE] Profile missing for 4eea57ef-70e4-592c-9809-143146b9b523. Using mock data.
INFO:     127.0.0.1:42128 - "POST /api/v1/auth/login HTTP/1.1" 200 OK
2026-08-17T15:29:00 | INFO     | httpx | HTTP Request: GET https://dvimlywgukplssjkgvks.supabase.co/rest/v1/profiles?select=role&id=eq.4eea57ef-70e4-592c-9809-143146b9b523 "HTTP/2 406 Not Acceptable"
2026-08-17T15:29:00 | WARNING  | bluefish.security | Could not fetch role for user 4eea57ef-70e4-592c-9809-143146b9b523: {'message': 'Cannot coerce the result to a single JSON object', 'code': 'PGRST116', 'hint': None, 'details': 'The result contains 0 rows'}. Defaulting to 'fisherman'.
2026-08-17T15:29:00 | INFO     | httpx | HTTP Request: GET https://dvimlywgukplssjkgvks.supabase.co/rest/v1/profiles?select=%2A&id=eq.4eea57ef-70e4-592c-9809-143146b9b523 "HTTP/2 406 Not Acceptable"
2026-08-17T15:29:00 | WARNING  | bluefish.routes.auth | Profile fetch failed for 4eea57ef-70e4-592c-9809-143146b9b523: {'message': 'Cannot coerce the result to a single JSON object', 'code': 'PGRST116', 'hint': None, 'details': 'The result contains 0 rows'}
2026-08-17T15:29:00 | INFO     | httpx | HTTP Request: GET https://dvimlywgukplssjkgvks.supabase.co/rest/v1/vessels?select=mmsi%2Cvessel_type&owner_id=eq.4eea57ef-70e4-592c-9809-143146b9b523 "HTTP/2 200 OK"
INFO:     127.0.0.1:42144 - "GET /api/v1/auth/me HTTP/1.1" 200 OK
2026-08-17T15:29:01 | INFO     | httpx | HTTP Request: POST https://dvimlywgukplssjkgvks.supabase.co/rest/v1/profiles "HTTP/2 409 Conflict"
2026-08-17T15:29:01 | WARNING  | bluefish.routes.auth | [DEV MODE] Skipping profile insert due to auth.users FK constraint: {'message': 'insert or update on table "profiles" violates foreign key constraint "profiles_id_fkey"', 'code': '23503', 'hint': None, 'details': 'Key (id)=(d4374c95-6673-5063-9935-b2846cb061eb) is not present in table "users".'}
INFO:     127.0.0.1:42154 - "POST /api/v1/auth/register HTTP/1.1" 201 Created
2026-08-17T15:29:01 | INFO     | httpx | HTTP Request: GET https://dvimlywgukplssjkgvks.supabase.co/rest/v1/profiles?select=%2A&id=eq.d4374c95-6673-5063-9935-b2846cb061eb "HTTP/2 406 Not Acceptable"
2026-08-17T15:29:01 | WARNING  | bluefish.routes.auth | [DEV MODE] Profile missing for d4374c95-6673-5063-9935-b2846cb061eb. Using mock data.
INFO:     127.0.0.1:42156 - "POST /api/v1/auth/login HTTP/1.1" 200 OK
2026-08-17T15:29:01 | INFO     | httpx | HTTP Request: GET https://dvimlywgukplssjkgvks.supabase.co/rest/v1/profiles?select=role&id=eq.d4374c95-6673-5063-9935-b2846cb061eb "HTTP/2 406 Not Acceptable"
2026-08-17T15:29:01 | WARNING  | bluefish.security | Could not fetch role for user d4374c95-6673-5063-9935-b2846cb061eb: {'message': 'Cannot coerce the result to a single JSON object', 'code': 'PGRST116', 'hint': None, 'details': 'The result contains 0 rows'}. Defaulting to 'fisherman'.
2026-08-17T15:29:01 | INFO     | httpx | HTTP Request: GET https://dvimlywgukplssjkgvks.supabase.co/rest/v1/profiles?select=%2A&id=eq.d4374c95-6673-5063-9935-b2846cb061eb "HTTP/2 406 Not Acceptable"
2026-08-17T15:29:01 | WARNING  | bluefish.routes.auth | Profile fetch failed for d4374c95-6673-5063-9935-b2846cb061eb: {'message': 'Cannot coerce the result to a single JSON object', 'code': 'PGRST116', 'hint': None, 'details': 'The result contains 0 rows'}
2026-08-17T15:29:01 | INFO     | httpx | HTTP Request: GET https://dvimlywgukplssjkgvks.supabase.co/rest/v1/vessels?select=mmsi%2Cvessel_type&owner_id=eq.d4374c95-6673-5063-9935-b2846cb061eb "HTTP/2 200 OK"
INFO:     127.0.0.1:42158 - "GET /api/v1/auth/me HTTP/1.1" 200 OK
2026-08-17T15:29:01 | INFO     | httpx | HTTP Request: POST https://dvimlywgukplssjkgvks.supabase.co/rest/v1/profiles "HTTP/2 409 Conflict"
2026-08-17T15:29:01 | WARNING  | bluefish.routes.auth | [DEV MODE] Skipping profile insert due to auth.users FK constraint: {'message': 'insert or update on table "profiles" violates foreign key constraint "profiles_id_fkey"', 'code': '23503', 'hint': None, 'details': 'Key (id)=(a720c71a-3690-50e1-8b5e-1e456b7530e6) is not present in table "users".'}
INFO:     127.0.0.1:42166 - "POST /api/v1/auth/register HTTP/1.1" 201 Created
2026-08-17T15:29:01 | INFO     | httpx | HTTP Request: GET https://dvimlywgukplssjkgvks.supabase.co/rest/v1/profiles?select=%2A&id=eq.a720c71a-3690-50e1-8b5e-1e456b7530e6 "HTTP/2 406 Not Acceptable"
2026-08-17T15:29:01 | WARNING  | bluefish.routes.auth | [DEV MODE] Profile missing for a720c71a-3690-50e1-8b5e-1e456b7530e6. Using mock data.
INFO:     127.0.0.1:42178 - "POST /api/v1/auth/login HTTP/1.1" 200 OK
2026-08-17T15:29:01 | INFO     | httpx | HTTP Request: GET https://dvimlywgukplssjkgvks.supabase.co/rest/v1/profiles?select=role&id=eq.a720c71a-3690-50e1-8b5e-1e456b7530e6 "HTTP/2 406 Not Acceptable"
2026-08-17T15:29:01 | WARNING  | bluefish.security | Could not fetch role for user a720c71a-3690-50e1-8b5e-1e456b7530e6: {'message': 'Cannot coerce the result to a single JSON object', 'code': 'PGRST116', 'hint': None, 'details': 'The result contains 0 rows'}. Defaulting to 'fisherman'.
2026-08-17T15:29:01 | INFO     | httpx | HTTP Request: GET https://dvimlywgukplssjkgvks.supabase.co/rest/v1/profiles?select=%2A&id=eq.a720c71a-3690-50e1-8b5e-1e456b7530e6 "HTTP/2 406 Not Acceptable"
2026-08-17T15:29:01 | WARNING  | bluefish.routes.auth | Profile fetch failed for a720c71a-3690-50e1-8b5e-1e456b7530e6: {'message': 'Cannot coerce the result to a single JSON object', 'code': 'PGRST116', 'hint': None, 'details': 'The result contains 0 rows'}
2026-08-17T15:29:01 | INFO     | httpx | HTTP Request: GET https://dvimlywgukplssjkgvks.supabase.co/rest/v1/vessels?select=mmsi%2Cvessel_type&owner_id=eq.a720c71a-3690-50e1-8b5e-1e456b7530e6 "HTTP/2 200 OK"
INFO:     127.0.0.1:42186 - "GET /api/v1/auth/me HTTP/1.1" 200 OK
2026-08-17T15:29:02 | INFO     | httpx | HTTP Request: POST https://dvimlywgukplssjkgvks.supabase.co/rest/v1/profiles "HTTP/2 409 Conflict"
2026-08-17T15:29:02 | WARNING  | bluefish.routes.auth | [DEV MODE] Skipping profile insert due to auth.users FK constraint: {'message': 'insert or update on table "profiles" violates foreign key constraint "profiles_id_fkey"', 'code': '23503', 'hint': None, 'details': 'Key (id)=(de60c2e5-c359-59ee-8104-2d17f11dc6ec) is not present in table "users".'}
INFO:     127.0.0.1:41218 - "POST /api/v1/auth/register HTTP/1.1" 201 Created
2026-08-17T15:29:02 | INFO     | httpx | HTTP Request: GET https://dvimlywgukplssjkgvks.supabase.co/rest/v1/profiles?select=%2A&id=eq.de60c2e5-c359-59ee-8104-2d17f11dc6ec "HTTP/2 406 Not Acceptable"
2026-08-17T15:29:02 | WARNING  | bluefish.routes.auth | [DEV MODE] Profile missing for de60c2e5-c359-59ee-8104-2d17f11dc6ec. Using mock data.
INFO:     127.0.0.1:41222 - "POST /api/v1/auth/login HTTP/1.1" 200 OK
2026-08-17T15:29:02 | INFO     | httpx | HTTP Request: GET https://dvimlywgukplssjkgvks.supabase.co/rest/v1/profiles?select=role&id=eq.de60c2e5-c359-59ee-8104-2d17f11dc6ec "HTTP/2 406 Not Acceptable"
2026-08-17T15:29:02 | WARNING  | bluefish.security | Could not fetch role for user de60c2e5-c359-59ee-8104-2d17f11dc6ec: {'message': 'Cannot coerce the result to a single JSON object', 'code': 'PGRST116', 'hint': None, 'details': 'The result contains 0 rows'}. Defaulting to 'fisherman'.
2026-08-17T15:29:02 | INFO     | httpx | HTTP Request: GET https://dvimlywgukplssjkgvks.supabase.co/rest/v1/profiles?select=%2A&id=eq.de60c2e5-c359-59ee-8104-2d17f11dc6ec "HTTP/2 406 Not Acceptable"
2026-08-17T15:29:02 | WARNING  | bluefish.routes.auth | Profile fetch failed for de60c2e5-c359-59ee-8104-2d17f11dc6ec: {'message': 'Cannot coerce the result to a single JSON object', 'code': 'PGRST116', 'hint': None, 'details': 'The result contains 0 rows'}
2026-08-17T15:29:02 | INFO     | httpx | HTTP Request: GET https://dvimlywgukplssjkgvks.supabase.co/rest/v1/vessels?select=mmsi%2Cvessel_type&owner_id=eq.de60c2e5-c359-59ee-8104-2d17f11dc6ec "HTTP/2 200 OK"
INFO:     127.0.0.1:41238 - "GET /api/v1/auth/me HTTP/1.1" 200 OK
2026-08-17T15:29:02 | INFO     | httpx | HTTP Request: POST https://dvimlywgukplssjkgvks.supabase.co/rest/v1/profiles "HTTP/2 409 Conflict"
2026-08-17T15:29:02 | WARNING  | bluefish.routes.auth | [DEV MODE] Skipping profile insert due to auth.users FK constraint: {'message': 'insert or update on table "profiles" violates foreign key constraint "profiles_id_fkey"', 'code': '23503', 'hint': None, 'details': 'Key (id)=(0b3ac733-3760-521e-8b81-b9b5b7b63a29) is not present in table "users".'}
INFO:     127.0.0.1:41244 - "POST /api/v1/auth/register HTTP/1.1" 201 Created
2026-08-17T15:29:02 | INFO     | httpx | HTTP Request: GET https://dvimlywgukplssjkgvks.supabase.co/rest/v1/profiles?select=%2A&id=eq.0b3ac733-3760-521e-8b81-b9b5b7b63a29 "HTTP/2 406 Not Acceptable"
2026-08-17T15:29:02 | WARNING  | bluefish.routes.auth | [DEV MODE] Profile missing for 0b3ac733-3760-521e-8b81-b9b5b7b63a29. Using mock data.
INFO:     127.0.0.1:41250 - "POST /api/v1/auth/login HTTP/1.1" 200 OK
2026-08-17T15:29:02 | INFO     | httpx | HTTP Request: GET https://dvimlywgukplssjkgvks.supabase.co/rest/v1/profiles?select=role&id=eq.0b3ac733-3760-521e-8b81-b9b5b7b63a29 "HTTP/2 406 Not Acceptable"
2026-08-17T15:29:02 | WARNING  | bluefish.security | Could not fetch role for user 0b3ac733-3760-521e-8b81-b9b5b7b63a29: {'message': 'Cannot coerce the result to a single JSON object', 'code': 'PGRST116', 'hint': None, 'details': 'The result contains 0 rows'}. Defaulting to 'fisherman'.
2026-08-17T15:29:02 | INFO     | httpx | HTTP Request: GET https://dvimlywgukplssjkgvks.supabase.co/rest/v1/profiles?select=%2A&id=eq.0b3ac733-3760-521e-8b81-b9b5b7b63a29 "HTTP/2 406 Not Acceptable"
2026-08-17T15:29:02 | WARNING  | bluefish.routes.auth | Profile fetch failed for 0b3ac733-3760-521e-8b81-b9b5b7b63a29: {'message': 'Cannot coerce the result to a single JSON object', 'code': 'PGRST116', 'hint': None, 'details': 'The result contains 0 rows'}
2026-08-17T15:29:02 | INFO     | httpx | HTTP Request: GET https://dvimlywgukplssjkgvks.supabase.co/rest/v1/vessels?select=mmsi%2Cvessel_type&owner_id=eq.0b3ac733-3760-521e-8b81-b9b5b7b63a29 "HTTP/2 200 OK"
INFO:     127.0.0.1:41266 - "GET /api/v1/auth/me HTTP/1.1" 200 OK
2026-08-17T15:29:02 | INFO     | httpx | HTTP Request: POST https://dvimlywgukplssjkgvks.supabase.co/rest/v1/profiles "HTTP/2 409 Conflict"
2026-08-17T15:29:02 | WARNING  | bluefish.routes.auth | [DEV MODE] Skipping profile insert due to auth.users FK constraint: {'message': 'insert or update on table "profiles" violates foreign key constraint "profiles_id_fkey"', 'code': '23503', 'hint': None, 'details': 'Key (id)=(e50dd616-3b25-51bd-9b8b-91cfab2a1192) is not present in table "users".'}
INFO:     127.0.0.1:41270 - "POST /api/v1/auth/register HTTP/1.1" 201 Created
2026-08-17T15:29:02 | INFO     | httpx | HTTP Request: GET https://dvimlywgukplssjkgvks.supabase.co/rest/v1/profiles?select=%2A&id=eq.e50dd616-3b25-51bd-9b8b-91cfab2a1192 "HTTP/2 406 Not Acceptable"
2026-08-17T15:29:02 | WARNING  | bluefish.routes.auth | [DEV MODE] Profile missing for e50dd616-3b25-51bd-9b8b-91cfab2a1192. Using mock data.
INFO:     127.0.0.1:41284 - "POST /api/v1/auth/login HTTP/1.1" 200 OK
2026-08-17T15:29:02 | INFO     | httpx | HTTP Request: GET https://dvimlywgukplssjkgvks.supabase.co/rest/v1/profiles?select=role&id=eq.e50dd616-3b25-51bd-9b8b-91cfab2a1192 "HTTP/2 406 Not Acceptable"
2026-08-17T15:29:02 | WARNING  | bluefish.security | Could not fetch role for user e50dd616-3b25-51bd-9b8b-91cfab2a1192: {'message': 'Cannot coerce the result to a single JSON object', 'code': 'PGRST116', 'hint': None, 'details': 'The result contains 0 rows'}. Defaulting to 'fisherman'.
2026-08-17T15:29:03 | INFO     | httpx | HTTP Request: GET https://dvimlywgukplssjkgvks.supabase.co/rest/v1/profiles?select=%2A&id=eq.e50dd616-3b25-51bd-9b8b-91cfab2a1192 "HTTP/2 406 Not Acceptable"
2026-08-17T15:29:03 | WARNING  | bluefish.routes.auth | Profile fetch failed for e50dd616-3b25-51bd-9b8b-91cfab2a1192: {'message': 'Cannot coerce the result to a single JSON object', 'code': 'PGRST116', 'hint': None, 'details': 'The result contains 0 rows'}
2026-08-17T15:29:03 | INFO     | httpx | HTTP Request: GET https://dvimlywgukplssjkgvks.supabase.co/rest/v1/vessels?select=mmsi%2Cvessel_type&owner_id=eq.e50dd616-3b25-51bd-9b8b-91cfab2a1192 "HTTP/2 200 OK"
INFO:     127.0.0.1:41290 - "GET /api/v1/auth/me HTTP/1.1" 200 OK
2026-08-17T15:29:03 | INFO     | httpx | HTTP Request: POST https://dvimlywgukplssjkgvks.supabase.co/rest/v1/profiles "HTTP/2 409 Conflict"
2026-08-17T15:29:03 | WARNING  | bluefish.routes.auth | [DEV MODE] Skipping profile insert due to auth.users FK constraint: {'message': 'insert or update on table "profiles" violates foreign key constraint "profiles_id_fkey"', 'code': '23503', 'hint': None, 'details': 'Key (id)=(a497bf4a-7d8f-5883-a730-17a5145a4f25) is not present in table "users".'}
INFO:     127.0.0.1:41300 - "POST /api/v1/auth/register HTTP/1.1" 201 Created
2026-08-17T15:29:03 | INFO     | httpx | HTTP Request: GET https://dvimlywgukplssjkgvks.supabase.co/rest/v1/profiles?select=%2A&id=eq.a497bf4a-7d8f-5883-a730-17a5145a4f25 "HTTP/2 406 Not Acceptable"
2026-08-17T15:29:03 | WARNING  | bluefish.routes.auth | [DEV MODE] Profile missing for a497bf4a-7d8f-5883-a730-17a5145a4f25. Using mock data.
INFO:     127.0.0.1:41308 - "POST /api/v1/auth/login HTTP/1.1" 200 OK
2026-08-17T15:29:03 | INFO     | httpx | HTTP Request: GET https://dvimlywgukplssjkgvks.supabase.co/rest/v1/profiles?select=role&id=eq.a497bf4a-7d8f-5883-a730-17a5145a4f25 "HTTP/2 406 Not Acceptable"
2026-08-17T15:29:03 | WARNING  | bluefish.security | Could not fetch role for user a497bf4a-7d8f-5883-a730-17a5145a4f25: {'message': 'Cannot coerce the result to a single JSON object', 'code': 'PGRST116', 'hint': None, 'details': 'The result contains 0 rows'}. Defaulting to 'fisherman'.
2026-08-17T15:29:03 | INFO     | httpx | HTTP Request: GET https://dvimlywgukplssjkgvks.supabase.co/rest/v1/profiles?select=%2A&id=eq.a497bf4a-7d8f-5883-a730-17a5145a4f25 "HTTP/2 406 Not Acceptable"
2026-08-17T15:29:03 | WARNING  | bluefish.routes.auth | Profile fetch failed for a497bf4a-7d8f-5883-a730-17a5145a4f25: {'message': 'Cannot coerce the result to a single JSON object', 'code': 'PGRST116', 'hint': None, 'details': 'The result contains 0 rows'}
2026-08-17T15:29:03 | INFO     | httpx | HTTP Request: GET https://dvimlywgukplssjkgvks.supabase.co/rest/v1/vessels?select=mmsi%2Cvessel_type&owner_id=eq.a497bf4a-7d8f-5883-a730-17a5145a4f25 "HTTP/2 200 OK"
INFO:     127.0.0.1:41310 - "GET /api/v1/auth/me HTTP/1.1" 200 OK
2026-08-17T15:29:03 | INFO     | httpx | HTTP Request: POST https://dvimlywgukplssjkgvks.supabase.co/rest/v1/profiles "HTTP/2 409 Conflict"
2026-08-17T15:29:03 | WARNING  | bluefish.routes.auth | [DEV MODE] Skipping profile insert due to auth.users FK constraint: {'message': 'insert or update on table "profiles" violates foreign key constraint "profiles_id_fkey"', 'code': '23503', 'hint': None, 'details': 'Key (id)=(23a39bf0-c4a4-55d2-b31e-d23af6987433) is not present in table "users".'}
INFO:     127.0.0.1:41322 - "POST /api/v1/auth/register HTTP/1.1" 201 Created
2026-08-17T15:29:03 | INFO     | httpx | HTTP Request: GET https://dvimlywgukplssjkgvks.supabase.co/rest/v1/profiles?select=%2A&id=eq.23a39bf0-c4a4-55d2-b31e-d23af6987433 "HTTP/2 406 Not Acceptable"
2026-08-17T15:29:03 | WARNING  | bluefish.routes.auth | [DEV MODE] Profile missing for 23a39bf0-c4a4-55d2-b31e-d23af6987433. Using mock data.
INFO:     127.0.0.1:41338 - "POST /api/v1/auth/login HTTP/1.1" 200 OK
2026-08-17T15:29:03 | INFO     | httpx | HTTP Request: GET https://dvimlywgukplssjkgvks.supabase.co/rest/v1/profiles?select=role&id=eq.23a39bf0-c4a4-55d2-b31e-d23af6987433 "HTTP/2 406 Not Acceptable"
2026-08-17T15:29:03 | WARNING  | bluefish.security | Could not fetch role for user 23a39bf0-c4a4-55d2-b31e-d23af6987433: {'message': 'Cannot coerce the result to a single JSON object', 'code': 'PGRST116', 'hint': None, 'details': 'The result contains 0 rows'}. Defaulting to 'fisherman'.
2026-08-17T15:29:03 | INFO     | httpx | HTTP Request: GET https://dvimlywgukplssjkgvks.supabase.co/rest/v1/profiles?select=%2A&id=eq.23a39bf0-c4a4-55d2-b31e-d23af6987433 "HTTP/2 406 Not Acceptable"
2026-08-17T15:29:03 | WARNING  | bluefish.routes.auth | Profile fetch failed for 23a39bf0-c4a4-55d2-b31e-d23af6987433: {'message': 'Cannot coerce the result to a single JSON object', 'code': 'PGRST116', 'hint': None, 'details': 'The result contains 0 rows'}
2026-08-17T15:29:03 | INFO     | httpx | HTTP Request: GET https://dvimlywgukplssjkgvks.supabase.co/rest/v1/vessels?select=mmsi%2Cvessel_type&owner_id=eq.23a39bf0-c4a4-55d2-b31e-d23af6987433 "HTTP/2 200 OK"
INFO:     127.0.0.1:41344 - "GET /api/v1/auth/me HTTP/1.1" 200 OK
2026-08-17T15:29:04 | INFO     | httpx | HTTP Request: POST https://dvimlywgukplssjkgvks.supabase.co/rest/v1/profiles "HTTP/2 409 Conflict"
2026-08-17T15:29:04 | WARNING  | bluefish.routes.auth | [DEV MODE] Skipping profile insert due to auth.users FK constraint: {'message': 'insert or update on table "profiles" violates foreign key constraint "profiles_id_fkey"', 'code': '23503', 'hint': None, 'details': 'Key (id)=(97be0785-e1d4-5078-944d-3203b9611baa) is not present in table "users".'}
INFO:     127.0.0.1:41354 - "POST /api/v1/auth/register HTTP/1.1" 201 Created
2026-08-17T15:29:04 | INFO     | httpx | HTTP Request: GET https://dvimlywgukplssjkgvks.supabase.co/rest/v1/profiles?select=%2A&id=eq.97be0785-e1d4-5078-944d-3203b9611baa "HTTP/2 406 Not Acceptable"
2026-08-17T15:29:04 | WARNING  | bluefish.routes.auth | [DEV MODE] Profile missing for 97be0785-e1d4-5078-944d-3203b9611baa. Using mock data.
INFO:     127.0.0.1:41364 - "POST /api/v1/auth/login HTTP/1.1" 200 OK
2026-08-17T15:29:04 | INFO     | httpx | HTTP Request: GET https://dvimlywgukplssjkgvks.supabase.co/rest/v1/profiles?select=role&id=eq.97be0785-e1d4-5078-944d-3203b9611baa "HTTP/2 406 Not Acceptable"
2026-08-17T15:29:04 | WARNING  | bluefish.security | Could not fetch role for user 97be0785-e1d4-5078-944d-3203b9611baa: {'message': 'Cannot coerce the result to a single JSON object', 'code': 'PGRST116', 'hint': None, 'details': 'The result contains 0 rows'}. Defaulting to 'fisherman'.
2026-08-17T15:29:04 | INFO     | httpx | HTTP Request: GET https://dvimlywgukplssjkgvks.supabase.co/rest/v1/profiles?select=%2A&id=eq.97be0785-e1d4-5078-944d-3203b9611baa "HTTP/2 406 Not Acceptable"
2026-08-17T15:29:04 | WARNING  | bluefish.routes.auth | Profile fetch failed for 97be0785-e1d4-5078-944d-3203b9611baa: {'message': 'Cannot coerce the result to a single JSON object', 'code': 'PGRST116', 'hint': None, 'details': 'The result contains 0 rows'}
2026-08-17T15:29:04 | INFO     | httpx | HTTP Request: GET https://dvimlywgukplssjkgvks.supabase.co/rest/v1/vessels?select=mmsi%2Cvessel_type&owner_id=eq.97be0785-e1d4-5078-944d-3203b9611baa "HTTP/2 200 OK"
INFO:     127.0.0.1:41374 - "GET /api/v1/auth/me HTTP/1.1" 200 OK
2026-08-17T15:29:04 | INFO     | httpx | HTTP Request: POST https://dvimlywgukplssjkgvks.supabase.co/rest/v1/profiles "HTTP/2 409 Conflict"
2026-08-17T15:29:04 | WARNING  | bluefish.routes.auth | [DEV MODE] Skipping profile insert due to auth.users FK constraint: {'message': 'insert or update on table "profiles" violates foreign key constraint "profiles_id_fkey"', 'code': '23503', 'hint': None, 'details': 'Key (id)=(304f29a7-6e32-58ba-afb6-45a6c7802928) is not present in table "users".'}
INFO:     127.0.0.1:41386 - "POST /api/v1/auth/register HTTP/1.1" 201 Created
2026-08-17T15:29:04 | INFO     | httpx | HTTP Request: GET https://dvimlywgukplssjkgvks.supabase.co/rest/v1/profiles?select=%2A&id=eq.304f29a7-6e32-58ba-afb6-45a6c7802928 "HTTP/2 406 Not Acceptable"
2026-08-17T15:29:04 | WARNING  | bluefish.routes.auth | [DEV MODE] Profile missing for 304f29a7-6e32-58ba-afb6-45a6c7802928. Using mock data.
INFO:     127.0.0.1:41396 - "POST /api/v1/auth/login HTTP/1.1" 200 OK
2026-08-17T15:29:04 | INFO     | httpx | HTTP Request: GET https://dvimlywgukplssjkgvks.supabase.co/rest/v1/profiles?select=role&id=eq.304f29a7-6e32-58ba-afb6-45a6c7802928 "HTTP/2 406 Not Acceptable"
2026-08-17T15:29:04 | WARNING  | bluefish.security | Could not fetch role for user 304f29a7-6e32-58ba-afb6-45a6c7802928: {'message': 'Cannot coerce the result to a single JSON object', 'code': 'PGRST116', 'hint': None, 'details': 'The result contains 0 rows'}. Defaulting to 'fisherman'.
2026-08-17T15:29:04 | INFO     | httpx | HTTP Request: GET https://dvimlywgukplssjkgvks.supabase.co/rest/v1/profiles?select=%2A&id=eq.304f29a7-6e32-58ba-afb6-45a6c7802928 "HTTP/2 406 Not Acceptable"
2026-08-17T15:29:04 | WARNING  | bluefish.routes.auth | Profile fetch failed for 304f29a7-6e32-58ba-afb6-45a6c7802928: {'message': 'Cannot coerce the result to a single JSON object', 'code': 'PGRST116', 'hint': None, 'details': 'The result contains 0 rows'}
2026-08-17T15:29:04 | INFO     | httpx | HTTP Request: GET https://dvimlywgukplssjkgvks.supabase.co/rest/v1/vessels?select=mmsi%2Cvessel_type&owner_id=eq.304f29a7-6e32-58ba-afb6-45a6c7802928 "HTTP/2 200 OK"
INFO:     127.0.0.1:41408 - "GET /api/v1/auth/me HTTP/1.1" 200 OK
2026-08-17T15:29:04 | INFO     | httpx | HTTP Request: POST https://dvimlywgukplssjkgvks.supabase.co/rest/v1/profiles "HTTP/2 409 Conflict"
2026-08-17T15:29:04 | WARNING  | bluefish.routes.auth | [DEV MODE] Skipping profile insert due to auth.users FK constraint: {'message': 'insert or update on table "profiles" violates foreign key constraint "profiles_id_fkey"', 'code': '23503', 'hint': None, 'details': 'Key (id)=(a1356d52-138a-5002-8bcb-6c3ffbb35713) is not present in table "users".'}
INFO:     127.0.0.1:41424 - "POST /api/v1/auth/register HTTP/1.1" 201 Created
2026-08-17T15:29:05 | INFO     | httpx | HTTP Request: GET https://dvimlywgukplssjkgvks.supabase.co/rest/v1/profiles?select=%2A&id=eq.a1356d52-138a-5002-8bcb-6c3ffbb35713 "HTTP/2 406 Not Acceptable"
2026-08-17T15:29:05 | WARNING  | bluefish.routes.auth | [DEV MODE] Profile missing for a1356d52-138a-5002-8bcb-6c3ffbb35713. Using mock data.
INFO:     127.0.0.1:41440 - "POST /api/v1/auth/login HTTP/1.1" 200 OK
2026-08-17T15:29:05 | INFO     | httpx | HTTP Request: GET https://dvimlywgukplssjkgvks.supabase.co/rest/v1/profiles?select=role&id=eq.a1356d52-138a-5002-8bcb-6c3ffbb35713 "HTTP/2 406 Not Acceptable"
2026-08-17T15:29:05 | WARNING  | bluefish.security | Could not fetch role for user a1356d52-138a-5002-8bcb-6c3ffbb35713: {'message': 'Cannot coerce the result to a single JSON object', 'code': 'PGRST116', 'hint': None, 'details': 'The result contains 0 rows'}. Defaulting to 'fisherman'.
2026-08-17T15:29:05 | INFO     | httpx | HTTP Request: GET https://dvimlywgukplssjkgvks.supabase.co/rest/v1/profiles?select=%2A&id=eq.a1356d52-138a-5002-8bcb-6c3ffbb35713 "HTTP/2 406 Not Acceptable"
2026-08-17T15:29:05 | WARNING  | bluefish.routes.auth | Profile fetch failed for a1356d52-138a-5002-8bcb-6c3ffbb35713: {'message': 'Cannot coerce the result to a single JSON object', 'code': 'PGRST116', 'hint': None, 'details': 'The result contains 0 rows'}
2026-08-17T15:29:05 | INFO     | httpx | HTTP Request: GET https://dvimlywgukplssjkgvks.supabase.co/rest/v1/vessels?select=mmsi%2Cvessel_type&owner_id=eq.a1356d52-138a-5002-8bcb-6c3ffbb35713 "HTTP/2 200 OK"
INFO:     127.0.0.1:41450 - "GET /api/v1/auth/me HTTP/1.1" 200 OK
2026-08-17T15:29:05 | INFO     | httpx | HTTP Request: POST https://dvimlywgukplssjkgvks.supabase.co/rest/v1/profiles "HTTP/2 409 Conflict"
2026-08-17T15:29:05 | WARNING  | bluefish.routes.auth | [DEV MODE] Skipping profile insert due to auth.users FK constraint: {'message': 'insert or update on table "profiles" violates foreign key constraint "profiles_id_fkey"', 'code': '23503', 'hint': None, 'details': 'Key (id)=(4af8f6f9-166e-518f-a257-1946dcb41334) is not present in table "users".'}
INFO:     127.0.0.1:41456 - "POST /api/v1/auth/register HTTP/1.1" 201 Created
2026-08-17T15:29:05 | INFO     | httpx | HTTP Request: GET https://dvimlywgukplssjkgvks.supabase.co/rest/v1/profiles?select=%2A&id=eq.4af8f6f9-166e-518f-a257-1946dcb41334 "HTTP/2 406 Not Acceptable"
2026-08-17T15:29:05 | WARNING  | bluefish.routes.auth | [DEV MODE] Profile missing for 4af8f6f9-166e-518f-a257-1946dcb41334. Using mock data.
INFO:     127.0.0.1:41468 - "POST /api/v1/auth/login HTTP/1.1" 200 OK
2026-08-17T15:29:05 | INFO     | httpx | HTTP Request: GET https://dvimlywgukplssjkgvks.supabase.co/rest/v1/profiles?select=role&id=eq.4af8f6f9-166e-518f-a257-1946dcb41334 "HTTP/2 406 Not Acceptable"
2026-08-17T15:29:05 | WARNING  | bluefish.security | Could not fetch role for user 4af8f6f9-166e-518f-a257-1946dcb41334: {'message': 'Cannot coerce the result to a single JSON object', 'code': 'PGRST116', 'hint': None, 'details': 'The result contains 0 rows'}. Defaulting to 'fisherman'.
2026-08-17T15:29:05 | INFO     | httpx | HTTP Request: GET https://dvimlywgukplssjkgvks.supabase.co/rest/v1/profiles?select=%2A&id=eq.4af8f6f9-166e-518f-a257-1946dcb41334 "HTTP/2 406 Not Acceptable"
2026-08-17T15:29:05 | WARNING  | bluefish.routes.auth | Profile fetch failed for 4af8f6f9-166e-518f-a257-1946dcb41334: {'message': 'Cannot coerce the result to a single JSON object', 'code': 'PGRST116', 'hint': None, 'details': 'The result contains 0 rows'}
2026-08-17T15:29:05 | INFO     | httpx | HTTP Request: GET https://dvimlywgukplssjkgvks.supabase.co/rest/v1/vessels?select=mmsi%2Cvessel_type&owner_id=eq.4af8f6f9-166e-518f-a257-1946dcb41334 "HTTP/2 200 OK"
INFO:     127.0.0.1:41478 - "GET /api/v1/auth/me HTTP/1.1" 200 OK
2026-08-17T15:29:05 | INFO     | httpx | HTTP Request: POST https://dvimlywgukplssjkgvks.supabase.co/rest/v1/profiles "HTTP/2 409 Conflict"
2026-08-17T15:29:05 | WARNING  | bluefish.routes.auth | [DEV MODE] Skipping profile insert due to auth.users FK constraint: {'message': 'insert or update on table "profiles" violates foreign key constraint "profiles_id_fkey"', 'code': '23503', 'hint': None, 'details': 'Key (id)=(8dbf766c-8e82-5130-b241-54febcff4e5a) is not present in table "users".'}
INFO:     127.0.0.1:41492 - "POST /api/v1/auth/register HTTP/1.1" 201 Created
2026-08-17T15:29:05 | INFO     | httpx | HTTP Request: GET https://dvimlywgukplssjkgvks.supabase.co/rest/v1/profiles?select=%2A&id=eq.8dbf766c-8e82-5130-b241-54febcff4e5a "HTTP/2 406 Not Acceptable"
2026-08-17T15:29:05 | WARNING  | bluefish.routes.auth | [DEV MODE] Profile missing for 8dbf766c-8e82-5130-b241-54febcff4e5a. Using mock data.
INFO:     127.0.0.1:41502 - "POST /api/v1/auth/login HTTP/1.1" 200 OK
2026-08-17T15:29:05 | INFO     | httpx | HTTP Request: GET https://dvimlywgukplssjkgvks.supabase.co/rest/v1/profiles?select=role&id=eq.8dbf766c-8e82-5130-b241-54febcff4e5a "HTTP/2 406 Not Acceptable"
2026-08-17T15:29:05 | WARNING  | bluefish.security | Could not fetch role for user 8dbf766c-8e82-5130-b241-54febcff4e5a: {'message': 'Cannot coerce the result to a single JSON object', 'code': 'PGRST116', 'hint': None, 'details': 'The result contains 0 rows'}. Defaulting to 'fisherman'.
2026-08-17T15:29:05 | INFO     | httpx | HTTP Request: GET https://dvimlywgukplssjkgvks.supabase.co/rest/v1/profiles?select=%2A&id=eq.8dbf766c-8e82-5130-b241-54febcff4e5a "HTTP/2 406 Not Acceptable"
2026-08-17T15:29:05 | WARNING  | bluefish.routes.auth | Profile fetch failed for 8dbf766c-8e82-5130-b241-54febcff4e5a: {'message': 'Cannot coerce the result to a single JSON object', 'code': 'PGRST116', 'hint': None, 'details': 'The result contains 0 rows'}
2026-08-17T15:29:06 | INFO     | httpx | HTTP Request: GET https://dvimlywgukplssjkgvks.supabase.co/rest/v1/vessels?select=mmsi%2Cvessel_type&owner_id=eq.8dbf766c-8e82-5130-b241-54febcff4e5a "HTTP/2 200 OK"
INFO:     127.0.0.1:41512 - "GET /api/v1/auth/me HTTP/1.1" 200 OK
2026-08-17T15:29:06 | INFO     | httpx | HTTP Request: POST https://dvimlywgukplssjkgvks.supabase.co/rest/v1/profiles "HTTP/2 409 Conflict"
2026-08-17T15:29:06 | WARNING  | bluefish.routes.auth | [DEV MODE] Skipping profile insert due to auth.users FK constraint: {'message': 'insert or update on table "profiles" violates foreign key constraint "profiles_id_fkey"', 'code': '23503', 'hint': None, 'details': 'Key (id)=(847feb03-154e-5492-a61d-77e19867bca7) is not present in table "users".'}
INFO:     127.0.0.1:41514 - "POST /api/v1/auth/register HTTP/1.1" 201 Created
2026-08-17T15:29:06 | INFO     | httpx | HTTP Request: GET https://dvimlywgukplssjkgvks.supabase.co/rest/v1/profiles?select=%2A&id=eq.847feb03-154e-5492-a61d-77e19867bca7 "HTTP/2 406 Not Acceptable"
2026-08-17T15:29:06 | WARNING  | bluefish.routes.auth | [DEV MODE] Profile missing for 847feb03-154e-5492-a61d-77e19867bca7. Using mock data.
INFO:     127.0.0.1:41526 - "POST /api/v1/auth/login HTTP/1.1" 200 OK
2026-08-17T15:29:06 | INFO     | httpx | HTTP Request: GET https://dvimlywgukplssjkgvks.supabase.co/rest/v1/profiles?select=role&id=eq.847feb03-154e-5492-a61d-77e19867bca7 "HTTP/2 406 Not Acceptable"
2026-08-17T15:29:06 | WARNING  | bluefish.security | Could not fetch role for user 847feb03-154e-5492-a61d-77e19867bca7: {'message': 'Cannot coerce the result to a single JSON object', 'code': 'PGRST116', 'hint': None, 'details': 'The result contains 0 rows'}. Defaulting to 'fisherman'.
2026-08-17T15:29:06 | INFO     | httpx | HTTP Request: GET https://dvimlywgukplssjkgvks.supabase.co/rest/v1/profiles?select=%2A&id=eq.847feb03-154e-5492-a61d-77e19867bca7 "HTTP/2 406 Not Acceptable"
2026-08-17T15:29:06 | WARNING  | bluefish.routes.auth | Profile fetch failed for 847feb03-154e-5492-a61d-77e19867bca7: {'message': 'Cannot coerce the result to a single JSON object', 'code': 'PGRST116', 'hint': None, 'details': 'The result contains 0 rows'}
2026-08-17T15:29:06 | INFO     | httpx | HTTP Request: GET https://dvimlywgukplssjkgvks.supabase.co/rest/v1/vessels?select=mmsi%2Cvessel_type&owner_id=eq.847feb03-154e-5492-a61d-77e19867bca7 "HTTP/2 200 OK"
INFO:     127.0.0.1:41530 - "GET /api/v1/auth/me HTTP/1.1" 200 OK
2026-08-17T15:29:06 | INFO     | httpx | HTTP Request: POST https://dvimlywgukplssjkgvks.supabase.co/rest/v1/profiles "HTTP/2 409 Conflict"
2026-08-17T15:29:06 | WARNING  | bluefish.routes.auth | [DEV MODE] Skipping profile insert due to auth.users FK constraint: {'message': 'insert or update on table "profiles" violates foreign key constraint "profiles_id_fkey"', 'code': '23503', 'hint': None, 'details': 'Key (id)=(bfd162b0-88d2-5913-b052-61791e653c3d) is not present in table "users".'}
INFO:     127.0.0.1:41546 - "POST /api/v1/auth/register HTTP/1.1" 201 Created
2026-08-17T15:29:06 | INFO     | httpx | HTTP Request: GET https://dvimlywgukplssjkgvks.supabase.co/rest/v1/profiles?select=%2A&id=eq.bfd162b0-88d2-5913-b052-61791e653c3d "HTTP/2 406 Not Acceptable"
2026-08-17T15:29:06 | WARNING  | bluefish.routes.auth | [DEV MODE] Profile missing for bfd162b0-88d2-5913-b052-61791e653c3d. Using mock data.
INFO:     127.0.0.1:41554 - "POST /api/v1/auth/login HTTP/1.1" 200 OK
2026-08-17T15:29:06 | INFO     | httpx | HTTP Request: GET https://dvimlywgukplssjkgvks.supabase.co/rest/v1/profiles?select=role&id=eq.bfd162b0-88d2-5913-b052-61791e653c3d "HTTP/2 406 Not Acceptable"
2026-08-17T15:29:06 | WARNING  | bluefish.security | Could not fetch role for user bfd162b0-88d2-5913-b052-61791e653c3d: {'message': 'Cannot coerce the result to a single JSON object', 'code': 'PGRST116', 'hint': None, 'details': 'The result contains 0 rows'}. Defaulting to 'fisherman'.
2026-08-17T15:29:06 | INFO     | httpx | HTTP Request: GET https://dvimlywgukplssjkgvks.supabase.co/rest/v1/profiles?select=%2A&id=eq.bfd162b0-88d2-5913-b052-61791e653c3d "HTTP/2 406 Not Acceptable"
2026-08-17T15:29:06 | WARNING  | bluefish.routes.auth | Profile fetch failed for bfd162b0-88d2-5913-b052-61791e653c3d: {'message': 'Cannot coerce the result to a single JSON object', 'code': 'PGRST116', 'hint': None, 'details': 'The result contains 0 rows'}
2026-08-17T15:29:06 | INFO     | httpx | HTTP Request: GET https://dvimlywgukplssjkgvks.supabase.co/rest/v1/vessels?select=mmsi%2Cvessel_type&owner_id=eq.bfd162b0-88d2-5913-b052-61791e653c3d "HTTP/2 200 OK"
INFO:     127.0.0.1:41560 - "GET /api/v1/auth/me HTTP/1.1" 200 OK
2026-08-17T15:29:07 | INFO     | httpx | HTTP Request: POST https://dvimlywgukplssjkgvks.supabase.co/rest/v1/profiles "HTTP/2 409 Conflict"
2026-08-17T15:29:07 | WARNING  | bluefish.routes.auth | [DEV MODE] Skipping profile insert due to auth.users FK constraint: {'message': 'insert or update on table "profiles" violates foreign key constraint "profiles_id_fkey"', 'code': '23503', 'hint': None, 'details': 'Key (id)=(fe4da2ac-23ea-58ea-ab29-16fe45a542ba) is not present in table "users".'}
INFO:     127.0.0.1:41564 - "POST /api/v1/auth/register HTTP/1.1" 201 Created
2026-08-17T15:29:07 | INFO     | httpx | HTTP Request: GET https://dvimlywgukplssjkgvks.supabase.co/rest/v1/profiles?select=%2A&id=eq.fe4da2ac-23ea-58ea-ab29-16fe45a542ba "HTTP/2 406 Not Acceptable"
2026-08-17T15:29:07 | WARNING  | bluefish.routes.auth | [DEV MODE] Profile missing for fe4da2ac-23ea-58ea-ab29-16fe45a542ba. Using mock data.
INFO:     127.0.0.1:41578 - "POST /api/v1/auth/login HTTP/1.1" 200 OK
2026-08-17T15:29:07 | INFO     | httpx | HTTP Request: GET https://dvimlywgukplssjkgvks.supabase.co/rest/v1/profiles?select=role&id=eq.fe4da2ac-23ea-58ea-ab29-16fe45a542ba "HTTP/2 406 Not Acceptable"
2026-08-17T15:29:07 | WARNING  | bluefish.security | Could not fetch role for user fe4da2ac-23ea-58ea-ab29-16fe45a542ba: {'message': 'Cannot coerce the result to a single JSON object', 'code': 'PGRST116', 'hint': None, 'details': 'The result contains 0 rows'}. Defaulting to 'fisherman'.
2026-08-17T15:29:07 | INFO     | httpx | HTTP Request: GET https://dvimlywgukplssjkgvks.supabase.co/rest/v1/profiles?select=%2A&id=eq.fe4da2ac-23ea-58ea-ab29-16fe45a542ba "HTTP/2 406 Not Acceptable"
2026-08-17T15:29:07 | WARNING  | bluefish.routes.auth | Profile fetch failed for fe4da2ac-23ea-58ea-ab29-16fe45a542ba: {'message': 'Cannot coerce the result to a single JSON object', 'code': 'PGRST116', 'hint': None, 'details': 'The result contains 0 rows'}
2026-08-17T15:29:07 | INFO     | httpx | HTTP Request: GET https://dvimlywgukplssjkgvks.supabase.co/rest/v1/vessels?select=mmsi%2Cvessel_type&owner_id=eq.fe4da2ac-23ea-58ea-ab29-16fe45a542ba "HTTP/2 200 OK"
INFO:     127.0.0.1:41588 - "GET /api/v1/auth/me HTTP/1.1" 200 OK
2026-08-17T15:29:07 | INFO     | httpx | HTTP Request: POST https://dvimlywgukplssjkgvks.supabase.co/rest/v1/profiles "HTTP/2 409 Conflict"
2026-08-17T15:29:07 | WARNING  | bluefish.routes.auth | [DEV MODE] Skipping profile insert due to auth.users FK constraint: {'message': 'insert or update on table "profiles" violates foreign key constraint "profiles_id_fkey"', 'code': '23503', 'hint': None, 'details': 'Key (id)=(1afe6dcf-2235-50ad-9b85-bede927b5a50) is not present in table "users".'}
INFO:     127.0.0.1:41598 - "POST /api/v1/auth/register HTTP/1.1" 201 Created
2026-08-17T15:29:07 | INFO     | httpx | HTTP Request: GET https://dvimlywgukplssjkgvks.supabase.co/rest/v1/profiles?select=%2A&id=eq.1afe6dcf-2235-50ad-9b85-bede927b5a50 "HTTP/2 406 Not Acceptable"
2026-08-17T15:29:07 | WARNING  | bluefish.routes.auth | [DEV MODE] Profile missing for 1afe6dcf-2235-50ad-9b85-bede927b5a50. Using mock data.
INFO:     127.0.0.1:41604 - "POST /api/v1/auth/login HTTP/1.1" 200 OK
2026-08-17T15:29:07 | INFO     | httpx | HTTP Request: GET https://dvimlywgukplssjkgvks.supabase.co/rest/v1/profiles?select=role&id=eq.1afe6dcf-2235-50ad-9b85-bede927b5a50 "HTTP/2 406 Not Acceptable"
2026-08-17T15:29:07 | WARNING  | bluefish.security | Could not fetch role for user 1afe6dcf-2235-50ad-9b85-bede927b5a50: {'message': 'Cannot coerce the result to a single JSON object', 'code': 'PGRST116', 'hint': None, 'details': 'The result contains 0 rows'}. Defaulting to 'fisherman'.
2026-08-17T15:29:07 | INFO     | httpx | HTTP Request: GET https://dvimlywgukplssjkgvks.supabase.co/rest/v1/profiles?select=%2A&id=eq.1afe6dcf-2235-50ad-9b85-bede927b5a50 "HTTP/2 406 Not Acceptable"
2026-08-17T15:29:07 | WARNING  | bluefish.routes.auth | Profile fetch failed for 1afe6dcf-2235-50ad-9b85-bede927b5a50: {'message': 'Cannot coerce the result to a single JSON object', 'code': 'PGRST116', 'hint': None, 'details': 'The result contains 0 rows'}
2026-08-17T15:29:07 | INFO     | httpx | HTTP Request: GET https://dvimlywgukplssjkgvks.supabase.co/rest/v1/vessels?select=mmsi%2Cvessel_type&owner_id=eq.1afe6dcf-2235-50ad-9b85-bede927b5a50 "HTTP/2 200 OK"
INFO:     127.0.0.1:41606 - "GET /api/v1/auth/me HTTP/1.1" 200 OK
2026-08-17T15:29:07 | INFO     | httpx | HTTP Request: POST https://dvimlywgukplssjkgvks.supabase.co/rest/v1/profiles "HTTP/2 409 Conflict"
2026-08-17T15:29:07 | WARNING  | bluefish.routes.auth | [DEV MODE] Skipping profile insert due to auth.users FK constraint: {'message': 'insert or update on table "profiles" violates foreign key constraint "profiles_id_fkey"', 'code': '23503', 'hint': None, 'details': 'Key (id)=(dff93051-f626-53a8-b195-13de65a6afcf) is not present in table "users".'}
INFO:     127.0.0.1:41622 - "POST /api/v1/auth/register HTTP/1.1" 201 Created
2026-08-17T15:29:07 | INFO     | httpx | HTTP Request: GET https://dvimlywgukplssjkgvks.supabase.co/rest/v1/profiles?select=%2A&id=eq.dff93051-f626-53a8-b195-13de65a6afcf "HTTP/2 406 Not Acceptable"
2026-08-17T15:29:07 | WARNING  | bluefish.routes.auth | [DEV MODE] Profile missing for dff93051-f626-53a8-b195-13de65a6afcf. Using mock data.
INFO:     127.0.0.1:41638 - "POST /api/v1/auth/login HTTP/1.1" 200 OK
2026-08-17T15:29:08 | INFO     | httpx | HTTP Request: GET https://dvimlywgukplssjkgvks.supabase.co/rest/v1/profiles?select=role&id=eq.dff93051-f626-53a8-b195-13de65a6afcf "HTTP/2 406 Not Acceptable"
2026-08-17T15:29:08 | WARNING  | bluefish.security | Could not fetch role for user dff93051-f626-53a8-b195-13de65a6afcf: {'message': 'Cannot coerce the result to a single JSON object', 'code': 'PGRST116', 'hint': None, 'details': 'The result contains 0 rows'}. Defaulting to 'fisherman'.
2026-08-17T15:29:08 | INFO     | httpx | HTTP Request: GET https://dvimlywgukplssjkgvks.supabase.co/rest/v1/profiles?select=%2A&id=eq.dff93051-f626-53a8-b195-13de65a6afcf "HTTP/2 406 Not Acceptable"
2026-08-17T15:29:08 | WARNING  | bluefish.routes.auth | Profile fetch failed for dff93051-f626-53a8-b195-13de65a6afcf: {'message': 'Cannot coerce the result to a single JSON object', 'code': 'PGRST116', 'hint': None, 'details': 'The result contains 0 rows'}
2026-08-17T15:29:08 | INFO     | httpx | HTTP Request: GET https://dvimlywgukplssjkgvks.supabase.co/rest/v1/vessels?select=mmsi%2Cvessel_type&owner_id=eq.dff93051-f626-53a8-b195-13de65a6afcf "HTTP/2 200 OK"
INFO:     127.0.0.1:41640 - "GET /api/v1/auth/me HTTP/1.1" 200 OK
2026-08-17T15:29:08 | INFO     | httpx | HTTP Request: POST https://dvimlywgukplssjkgvks.supabase.co/rest/v1/profiles "HTTP/2 409 Conflict"
2026-08-17T15:29:08 | WARNING  | bluefish.routes.auth | [DEV MODE] Skipping profile insert due to auth.users FK constraint: {'message': 'insert or update on table "profiles" violates foreign key constraint "profiles_id_fkey"', 'code': '23503', 'hint': None, 'details': 'Key (id)=(1f4680cb-6952-53d8-84d3-cdcf9e2238ab) is not present in table "users".'}
INFO:     127.0.0.1:41646 - "POST /api/v1/auth/register HTTP/1.1" 201 Created
2026-08-17T15:29:08 | INFO     | httpx | HTTP Request: GET https://dvimlywgukplssjkgvks.supabase.co/rest/v1/profiles?select=%2A&id=eq.1f4680cb-6952-53d8-84d3-cdcf9e2238ab "HTTP/2 406 Not Acceptable"
2026-08-17T15:29:08 | WARNING  | bluefish.routes.auth | [DEV MODE] Profile missing for 1f4680cb-6952-53d8-84d3-cdcf9e2238ab. Using mock data.
INFO:     127.0.0.1:41650 - "POST /api/v1/auth/login HTTP/1.1" 200 OK
2026-08-17T15:29:08 | INFO     | httpx | HTTP Request: GET https://dvimlywgukplssjkgvks.supabase.co/rest/v1/profiles?select=role&id=eq.1f4680cb-6952-53d8-84d3-cdcf9e2238ab "HTTP/2 406 Not Acceptable"
2026-08-17T15:29:08 | WARNING  | bluefish.security | Could not fetch role for user 1f4680cb-6952-53d8-84d3-cdcf9e2238ab: {'message': 'Cannot coerce the result to a single JSON object', 'code': 'PGRST116', 'hint': None, 'details': 'The result contains 0 rows'}. Defaulting to 'fisherman'.
2026-08-17T15:29:08 | INFO     | httpx | HTTP Request: GET https://dvimlywgukplssjkgvks.supabase.co/rest/v1/profiles?select=%2A&id=eq.1f4680cb-6952-53d8-84d3-cdcf9e2238ab "HTTP/2 406 Not Acceptable"
2026-08-17T15:29:08 | WARNING  | bluefish.routes.auth | Profile fetch failed for 1f4680cb-6952-53d8-84d3-cdcf9e2238ab: {'message': 'Cannot coerce the result to a single JSON object', 'code': 'PGRST116', 'hint': None, 'details': 'The result contains 0 rows'}
2026-08-17T15:29:08 | INFO     | httpx | HTTP Request: GET https://dvimlywgukplssjkgvks.supabase.co/rest/v1/vessels?select=mmsi%2Cvessel_type&owner_id=eq.1f4680cb-6952-53d8-84d3-cdcf9e2238ab "HTTP/2 200 OK"
INFO:     127.0.0.1:41652 - "GET /api/v1/auth/me HTTP/1.1" 200 OK
2026-08-17T15:29:08 | INFO     | httpx | HTTP Request: POST https://dvimlywgukplssjkgvks.supabase.co/rest/v1/profiles "HTTP/2 409 Conflict"
2026-08-17T15:29:08 | WARNING  | bluefish.routes.auth | [DEV MODE] Skipping profile insert due to auth.users FK constraint: {'message': 'insert or update on table "profiles" violates foreign key constraint "profiles_id_fkey"', 'code': '23503', 'hint': None, 'details': 'Key (id)=(326a88b0-75e8-5fe1-93af-80ac5551fc94) is not present in table "users".'}
INFO:     127.0.0.1:41666 - "POST /api/v1/auth/register HTTP/1.1" 201 Created
2026-08-17T15:29:08 | INFO     | httpx | HTTP Request: GET https://dvimlywgukplssjkgvks.supabase.co/rest/v1/profiles?select=%2A&id=eq.326a88b0-75e8-5fe1-93af-80ac5551fc94 "HTTP/2 406 Not Acceptable"
2026-08-17T15:29:08 | WARNING  | bluefish.routes.auth | [DEV MODE] Profile missing for 326a88b0-75e8-5fe1-93af-80ac5551fc94. Using mock data.
INFO:     127.0.0.1:41670 - "POST /api/v1/auth/login HTTP/1.1" 200 OK
2026-08-17T15:29:08 | INFO     | httpx | HTTP Request: GET https://dvimlywgukplssjkgvks.supabase.co/rest/v1/profiles?select=role&id=eq.326a88b0-75e8-5fe1-93af-80ac5551fc94 "HTTP/2 406 Not Acceptable"
2026-08-17T15:29:08 | WARNING  | bluefish.security | Could not fetch role for user 326a88b0-75e8-5fe1-93af-80ac5551fc94: {'message': 'Cannot coerce the result to a single JSON object', 'code': 'PGRST116', 'hint': None, 'details': 'The result contains 0 rows'}. Defaulting to 'fisherman'.
2026-08-17T15:29:08 | INFO     | httpx | HTTP Request: GET https://dvimlywgukplssjkgvks.supabase.co/rest/v1/profiles?select=%2A&id=eq.326a88b0-75e8-5fe1-93af-80ac5551fc94 "HTTP/2 406 Not Acceptable"
2026-08-17T15:29:08 | WARNING  | bluefish.routes.auth | Profile fetch failed for 326a88b0-75e8-5fe1-93af-80ac5551fc94: {'message': 'Cannot coerce the result to a single JSON object', 'code': 'PGRST116', 'hint': None, 'details': 'The result contains 0 rows'}
2026-08-17T15:29:09 | INFO     | httpx | HTTP Request: GET https://dvimlywgukplssjkgvks.supabase.co/rest/v1/vessels?select=mmsi%2Cvessel_type&owner_id=eq.326a88b0-75e8-5fe1-93af-80ac5551fc94 "HTTP/2 200 OK"
INFO:     127.0.0.1:41680 - "GET /api/v1/auth/me HTTP/1.1" 200 OK
2026-08-17T15:29:09 | INFO     | httpx | HTTP Request: POST https://dvimlywgukplssjkgvks.supabase.co/rest/v1/profiles "HTTP/2 409 Conflict"
2026-08-17T15:29:09 | WARNING  | bluefish.routes.auth | [DEV MODE] Skipping profile insert due to auth.users FK constraint: {'message': 'insert or update on table "profiles" violates foreign key constraint "profiles_id_fkey"', 'code': '23503', 'hint': None, 'details': 'Key (id)=(9020f810-0942-5233-8582-5628d6461a80) is not present in table "users".'}
INFO:     127.0.0.1:41682 - "POST /api/v1/auth/register HTTP/1.1" 201 Created
2026-08-17T15:29:09 | INFO     | httpx | HTTP Request: GET https://dvimlywgukplssjkgvks.supabase.co/rest/v1/profiles?select=%2A&id=eq.9020f810-0942-5233-8582-5628d6461a80 "HTTP/2 406 Not Acceptable"
2026-08-17T15:29:09 | WARNING  | bluefish.routes.auth | [DEV MODE] Profile missing for 9020f810-0942-5233-8582-5628d6461a80. Using mock data.
INFO:     127.0.0.1:41694 - "POST /api/v1/auth/login HTTP/1.1" 200 OK
2026-08-17T15:29:09 | INFO     | httpx | HTTP Request: GET https://dvimlywgukplssjkgvks.supabase.co/rest/v1/profiles?select=role&id=eq.9020f810-0942-5233-8582-5628d6461a80 "HTTP/2 406 Not Acceptable"
2026-08-17T15:29:09 | WARNING  | bluefish.security | Could not fetch role for user 9020f810-0942-5233-8582-5628d6461a80: {'message': 'Cannot coerce the result to a single JSON object', 'code': 'PGRST116', 'hint': None, 'details': 'The result contains 0 rows'}. Defaulting to 'fisherman'.
2026-08-17T15:29:09 | INFO     | httpx | HTTP Request: GET https://dvimlywgukplssjkgvks.supabase.co/rest/v1/profiles?select=%2A&id=eq.9020f810-0942-5233-8582-5628d6461a80 "HTTP/2 406 Not Acceptable"
2026-08-17T15:29:09 | WARNING  | bluefish.routes.auth | Profile fetch failed for 9020f810-0942-5233-8582-5628d6461a80: {'message': 'Cannot coerce the result to a single JSON object', 'code': 'PGRST116', 'hint': None, 'details': 'The result contains 0 rows'}
2026-08-17T15:29:09 | INFO     | httpx | HTTP Request: GET https://dvimlywgukplssjkgvks.supabase.co/rest/v1/vessels?select=mmsi%2Cvessel_type&owner_id=eq.9020f810-0942-5233-8582-5628d6461a80 "HTTP/2 200 OK"
INFO:     127.0.0.1:41700 - "GET /api/v1/auth/me HTTP/1.1" 200 OK
2026-08-17T15:29:09 | INFO     | httpx | HTTP Request: POST https://dvimlywgukplssjkgvks.supabase.co/rest/v1/profiles "HTTP/2 409 Conflict"
2026-08-17T15:29:09 | WARNING  | bluefish.routes.auth | [DEV MODE] Skipping profile insert due to auth.users FK constraint: {'message': 'insert or update on table "profiles" violates foreign key constraint "profiles_id_fkey"', 'code': '23503', 'hint': None, 'details': 'Key (id)=(f7cf1718-e279-5120-a359-926978a56f46) is not present in table "users".'}
INFO:     127.0.0.1:41708 - "POST /api/v1/auth/register HTTP/1.1" 201 Created
2026-08-17T15:29:09 | INFO     | httpx | HTTP Request: GET https://dvimlywgukplssjkgvks.supabase.co/rest/v1/profiles?select=%2A&id=eq.f7cf1718-e279-5120-a359-926978a56f46 "HTTP/2 406 Not Acceptable"
2026-08-17T15:29:09 | WARNING  | bluefish.routes.auth | [DEV MODE] Profile missing for f7cf1718-e279-5120-a359-926978a56f46. Using mock data.
INFO:     127.0.0.1:41718 - "POST /api/v1/auth/login HTTP/1.1" 200 OK
2026-08-17T15:29:09 | INFO     | httpx | HTTP Request: GET https://dvimlywgukplssjkgvks.supabase.co/rest/v1/profiles?select=role&id=eq.f7cf1718-e279-5120-a359-926978a56f46 "HTTP/2 406 Not Acceptable"
2026-08-17T15:29:09 | WARNING  | bluefish.security | Could not fetch role for user f7cf1718-e279-5120-a359-926978a56f46: {'message': 'Cannot coerce the result to a single JSON object', 'code': 'PGRST116', 'hint': None, 'details': 'The result contains 0 rows'}. Defaulting to 'fisherman'.
2026-08-17T15:29:09 | INFO     | httpx | HTTP Request: GET https://dvimlywgukplssjkgvks.supabase.co/rest/v1/profiles?select=%2A&id=eq.f7cf1718-e279-5120-a359-926978a56f46 "HTTP/2 406 Not Acceptable"
2026-08-17T15:29:09 | WARNING  | bluefish.routes.auth | Profile fetch failed for f7cf1718-e279-5120-a359-926978a56f46: {'message': 'Cannot coerce the result to a single JSON object', 'code': 'PGRST116', 'hint': None, 'details': 'The result contains 0 rows'}
2026-08-17T15:29:09 | INFO     | httpx | HTTP Request: GET https://dvimlywgukplssjkgvks.supabase.co/rest/v1/vessels?select=mmsi%2Cvessel_type&owner_id=eq.f7cf1718-e279-5120-a359-926978a56f46 "HTTP/2 200 OK"
INFO:     127.0.0.1:41722 - "GET /api/v1/auth/me HTTP/1.1" 200 OK
2026-08-17T15:29:10 | INFO     | httpx | HTTP Request: POST https://dvimlywgukplssjkgvks.supabase.co/rest/v1/profiles "HTTP/2 409 Conflict"
2026-08-17T15:29:10 | WARNING  | bluefish.routes.auth | [DEV MODE] Skipping profile insert due to auth.users FK constraint: {'message': 'insert or update on table "profiles" violates foreign key constraint "profiles_id_fkey"', 'code': '23503', 'hint': None, 'details': 'Key (id)=(b16a0975-bb3a-5ee5-9459-72b26574fc88) is not present in table "users".'}
INFO:     127.0.0.1:41724 - "POST /api/v1/auth/register HTTP/1.1" 201 Created
2026-08-17T15:29:10 | INFO     | httpx | HTTP Request: GET https://dvimlywgukplssjkgvks.supabase.co/rest/v1/profiles?select=%2A&id=eq.b16a0975-bb3a-5ee5-9459-72b26574fc88 "HTTP/2 406 Not Acceptable"
2026-08-17T15:29:10 | WARNING  | bluefish.routes.auth | [DEV MODE] Profile missing for b16a0975-bb3a-5ee5-9459-72b26574fc88. Using mock data.
INFO:     127.0.0.1:41726 - "POST /api/v1/auth/login HTTP/1.1" 200 OK
2026-08-17T15:29:10 | INFO     | httpx | HTTP Request: GET https://dvimlywgukplssjkgvks.supabase.co/rest/v1/profiles?select=role&id=eq.b16a0975-bb3a-5ee5-9459-72b26574fc88 "HTTP/2 406 Not Acceptable"
2026-08-17T15:29:10 | WARNING  | bluefish.security | Could not fetch role for user b16a0975-bb3a-5ee5-9459-72b26574fc88: {'message': 'Cannot coerce the result to a single JSON object', 'code': 'PGRST116', 'hint': None, 'details': 'The result contains 0 rows'}. Defaulting to 'fisherman'.
2026-08-17T15:29:10 | INFO     | httpx | HTTP Request: GET https://dvimlywgukplssjkgvks.supabase.co/rest/v1/profiles?select=%2A&id=eq.b16a0975-bb3a-5ee5-9459-72b26574fc88 "HTTP/2 406 Not Acceptable"
2026-08-17T15:29:10 | WARNING  | bluefish.routes.auth | Profile fetch failed for b16a0975-bb3a-5ee5-9459-72b26574fc88: {'message': 'Cannot coerce the result to a single JSON object', 'code': 'PGRST116', 'hint': None, 'details': 'The result contains 0 rows'}
2026-08-17T15:29:10 | INFO     | httpx | HTTP Request: GET https://dvimlywgukplssjkgvks.supabase.co/rest/v1/vessels?select=mmsi%2Cvessel_type&owner_id=eq.b16a0975-bb3a-5ee5-9459-72b26574fc88 "HTTP/2 200 OK"
INFO:     127.0.0.1:41738 - "GET /api/v1/auth/me HTTP/1.1" 200 OK
2026-08-17T15:29:10 | INFO     | httpx | HTTP Request: POST https://dvimlywgukplssjkgvks.supabase.co/rest/v1/profiles "HTTP/2 409 Conflict"
2026-08-17T15:29:10 | WARNING  | bluefish.routes.auth | [DEV MODE] Skipping profile insert due to auth.users FK constraint: {'message': 'insert or update on table "profiles" violates foreign key constraint "profiles_id_fkey"', 'code': '23503', 'hint': None, 'details': 'Key (id)=(578cd28f-dd2c-5216-8eea-f5c71a31f376) is not present in table "users".'}
INFO:     127.0.0.1:41750 - "POST /api/v1/auth/register HTTP/1.1" 201 Created
2026-08-17T15:29:10 | INFO     | httpx | HTTP Request: GET https://dvimlywgukplssjkgvks.supabase.co/rest/v1/profiles?select=%2A&id=eq.578cd28f-dd2c-5216-8eea-f5c71a31f376 "HTTP/2 406 Not Acceptable"
2026-08-17T15:29:10 | WARNING  | bluefish.routes.auth | [DEV MODE] Profile missing for 578cd28f-dd2c-5216-8eea-f5c71a31f376. Using mock data.
INFO:     127.0.0.1:41762 - "POST /api/v1/auth/login HTTP/1.1" 200 OK
2026-08-17T15:29:10 | INFO     | httpx | HTTP Request: GET https://dvimlywgukplssjkgvks.supabase.co/rest/v1/profiles?select=role&id=eq.578cd28f-dd2c-5216-8eea-f5c71a31f376 "HTTP/2 406 Not Acceptable"
2026-08-17T15:29:10 | WARNING  | bluefish.security | Could not fetch role for user 578cd28f-dd2c-5216-8eea-f5c71a31f376: {'message': 'Cannot coerce the result to a single JSON object', 'code': 'PGRST116', 'hint': None, 'details': 'The result contains 0 rows'}. Defaulting to 'fisherman'.
2026-08-17T15:29:10 | INFO     | httpx | HTTP Request: GET https://dvimlywgukplssjkgvks.supabase.co/rest/v1/profiles?select=%2A&id=eq.578cd28f-dd2c-5216-8eea-f5c71a31f376 "HTTP/2 406 Not Acceptable"
2026-08-17T15:29:10 | WARNING  | bluefish.routes.auth | Profile fetch failed for 578cd28f-dd2c-5216-8eea-f5c71a31f376: {'message': 'Cannot coerce the result to a single JSON object', 'code': 'PGRST116', 'hint': None, 'details': 'The result contains 0 rows'}
2026-08-17T15:29:10 | INFO     | httpx | HTTP Request: GET https://dvimlywgukplssjkgvks.supabase.co/rest/v1/vessels?select=mmsi%2Cvessel_type&owner_id=eq.578cd28f-dd2c-5216-8eea-f5c71a31f376 "HTTP/2 200 OK"
INFO:     127.0.0.1:41764 - "GET /api/v1/auth/me HTTP/1.1" 200 OK
2026-08-17T15:29:10 | INFO     | httpx | HTTP Request: POST https://dvimlywgukplssjkgvks.supabase.co/rest/v1/profiles "HTTP/2 409 Conflict"
2026-08-17T15:29:10 | WARNING  | bluefish.routes.auth | [DEV MODE] Skipping profile insert due to auth.users FK constraint: {'message': 'insert or update on table "profiles" violates foreign key constraint "profiles_id_fkey"', 'code': '23503', 'hint': None, 'details': 'Key (id)=(7845a448-87ee-52b3-b9ad-f13cb13a8975) is not present in table "users".'}
INFO:     127.0.0.1:41778 - "POST /api/v1/auth/register HTTP/1.1" 201 Created
2026-08-17T15:29:10 | INFO     | httpx | HTTP Request: GET https://dvimlywgukplssjkgvks.supabase.co/rest/v1/profiles?select=%2A&id=eq.7845a448-87ee-52b3-b9ad-f13cb13a8975 "HTTP/2 406 Not Acceptable"
2026-08-17T15:29:10 | WARNING  | bluefish.routes.auth | [DEV MODE] Profile missing for 7845a448-87ee-52b3-b9ad-f13cb13a8975. Using mock data.
INFO:     127.0.0.1:41794 - "POST /api/v1/auth/login HTTP/1.1" 200 OK
2026-08-17T15:29:10 | INFO     | httpx | HTTP Request: GET https://dvimlywgukplssjkgvks.supabase.co/rest/v1/profiles?select=role&id=eq.7845a448-87ee-52b3-b9ad-f13cb13a8975 "HTTP/2 406 Not Acceptable"
2026-08-17T15:29:10 | WARNING  | bluefish.security | Could not fetch role for user 7845a448-87ee-52b3-b9ad-f13cb13a8975: {'message': 'Cannot coerce the result to a single JSON object', 'code': 'PGRST116', 'hint': None, 'details': 'The result contains 0 rows'}. Defaulting to 'fisherman'.
2026-08-17T15:29:11 | INFO     | httpx | HTTP Request: GET https://dvimlywgukplssjkgvks.supabase.co/rest/v1/profiles?select=%2A&id=eq.7845a448-87ee-52b3-b9ad-f13cb13a8975 "HTTP/2 406 Not Acceptable"
2026-08-17T15:29:11 | WARNING  | bluefish.routes.auth | Profile fetch failed for 7845a448-87ee-52b3-b9ad-f13cb13a8975: {'message': 'Cannot coerce the result to a single JSON object', 'code': 'PGRST116', 'hint': None, 'details': 'The result contains 0 rows'}
2026-08-17T15:29:11 | INFO     | httpx | HTTP Request: GET https://dvimlywgukplssjkgvks.supabase.co/rest/v1/vessels?select=mmsi%2Cvessel_type&owner_id=eq.7845a448-87ee-52b3-b9ad-f13cb13a8975 "HTTP/2 200 OK"
INFO:     127.0.0.1:41802 - "GET /api/v1/auth/me HTTP/1.1" 200 OK
2026-08-17T15:29:11 | INFO     | httpx | HTTP Request: POST https://dvimlywgukplssjkgvks.supabase.co/rest/v1/profiles "HTTP/2 409 Conflict"
2026-08-17T15:29:11 | WARNING  | bluefish.routes.auth | [DEV MODE] Skipping profile insert due to auth.users FK constraint: {'message': 'insert or update on table "profiles" violates foreign key constraint "profiles_id_fkey"', 'code': '23503', 'hint': None, 'details': 'Key (id)=(faf8018a-c95d-5c77-b013-ca1fd61d3b86) is not present in table "users".'}
INFO:     127.0.0.1:41808 - "POST /api/v1/auth/register HTTP/1.1" 201 Created
2026-08-17T15:29:11 | INFO     | httpx | HTTP Request: GET https://dvimlywgukplssjkgvks.supabase.co/rest/v1/profiles?select=%2A&id=eq.faf8018a-c95d-5c77-b013-ca1fd61d3b86 "HTTP/2 406 Not Acceptable"
2026-08-17T15:29:11 | WARNING  | bluefish.routes.auth | [DEV MODE] Profile missing for faf8018a-c95d-5c77-b013-ca1fd61d3b86. Using mock data.
INFO:     127.0.0.1:41810 - "POST /api/v1/auth/login HTTP/1.1" 200 OK
2026-08-17T15:29:11 | INFO     | httpx | HTTP Request: GET https://dvimlywgukplssjkgvks.supabase.co/rest/v1/profiles?select=role&id=eq.faf8018a-c95d-5c77-b013-ca1fd61d3b86 "HTTP/2 406 Not Acceptable"
2026-08-17T15:29:11 | WARNING  | bluefish.security | Could not fetch role for user faf8018a-c95d-5c77-b013-ca1fd61d3b86: {'message': 'Cannot coerce the result to a single JSON object', 'code': 'PGRST116', 'hint': None, 'details': 'The result contains 0 rows'}. Defaulting to 'fisherman'.
2026-08-17T15:29:11 | INFO     | httpx | HTTP Request: GET https://dvimlywgukplssjkgvks.supabase.co/rest/v1/profiles?select=%2A&id=eq.faf8018a-c95d-5c77-b013-ca1fd61d3b86 "HTTP/2 406 Not Acceptable"
2026-08-17T15:29:11 | WARNING  | bluefish.routes.auth | Profile fetch failed for faf8018a-c95d-5c77-b013-ca1fd61d3b86: {'message': 'Cannot coerce the result to a single JSON object', 'code': 'PGRST116', 'hint': None, 'details': 'The result contains 0 rows'}
2026-08-17T15:29:11 | INFO     | httpx | HTTP Request: GET https://dvimlywgukplssjkgvks.supabase.co/rest/v1/vessels?select=mmsi%2Cvessel_type&owner_id=eq.faf8018a-c95d-5c77-b013-ca1fd61d3b86 "HTTP/2 200 OK"
INFO:     127.0.0.1:41824 - "GET /api/v1/auth/me HTTP/1.1" 200 OK
2026-08-17T15:29:11 | INFO     | httpx | HTTP Request: POST https://dvimlywgukplssjkgvks.supabase.co/rest/v1/profiles "HTTP/2 409 Conflict"
2026-08-17T15:29:11 | WARNING  | bluefish.routes.auth | [DEV MODE] Skipping profile insert due to auth.users FK constraint: {'message': 'insert or update on table "profiles" violates foreign key constraint "profiles_id_fkey"', 'code': '23503', 'hint': None, 'details': 'Key (id)=(d3f3bcbc-c832-5a6b-b41b-83abd6406c9d) is not present in table "users".'}
INFO:     127.0.0.1:41828 - "POST /api/v1/auth/register HTTP/1.1" 201 Created
2026-08-17T15:29:11 | INFO     | httpx | HTTP Request: GET https://dvimlywgukplssjkgvks.supabase.co/rest/v1/profiles?select=%2A&id=eq.d3f3bcbc-c832-5a6b-b41b-83abd6406c9d "HTTP/2 406 Not Acceptable"
2026-08-17T15:29:11 | WARNING  | bluefish.routes.auth | [DEV MODE] Profile missing for d3f3bcbc-c832-5a6b-b41b-83abd6406c9d. Using mock data.
INFO:     127.0.0.1:41836 - "POST /api/v1/auth/login HTTP/1.1" 200 OK
2026-08-17T15:29:11 | INFO     | httpx | HTTP Request: GET https://dvimlywgukplssjkgvks.supabase.co/rest/v1/profiles?select=role&id=eq.d3f3bcbc-c832-5a6b-b41b-83abd6406c9d "HTTP/2 406 Not Acceptable"
2026-08-17T15:29:11 | WARNING  | bluefish.security | Could not fetch role for user d3f3bcbc-c832-5a6b-b41b-83abd6406c9d: {'message': 'Cannot coerce the result to a single JSON object', 'code': 'PGRST116', 'hint': None, 'details': 'The result contains 0 rows'}. Defaulting to 'fisherman'.
2026-08-17T15:29:11 | INFO     | httpx | HTTP Request: GET https://dvimlywgukplssjkgvks.supabase.co/rest/v1/profiles?select=%2A&id=eq.d3f3bcbc-c832-5a6b-b41b-83abd6406c9d "HTTP/2 406 Not Acceptable"
2026-08-17T15:29:11 | WARNING  | bluefish.routes.auth | Profile fetch failed for d3f3bcbc-c832-5a6b-b41b-83abd6406c9d: {'message': 'Cannot coerce the result to a single JSON object', 'code': 'PGRST116', 'hint': None, 'details': 'The result contains 0 rows'}
2026-08-17T15:29:11 | INFO     | httpx | HTTP Request: GET https://dvimlywgukplssjkgvks.supabase.co/rest/v1/vessels?select=mmsi%2Cvessel_type&owner_id=eq.d3f3bcbc-c832-5a6b-b41b-83abd6406c9d "HTTP/2 200 OK"
INFO:     127.0.0.1:41842 - "GET /api/v1/auth/me HTTP/1.1" 200 OK
2026-08-17T15:29:12 | INFO     | httpx | HTTP Request: POST https://dvimlywgukplssjkgvks.supabase.co/rest/v1/profiles "HTTP/2 409 Conflict"
2026-08-17T15:29:12 | WARNING  | bluefish.routes.auth | [DEV MODE] Skipping profile insert due to auth.users FK constraint: {'message': 'insert or update on table "profiles" violates foreign key constraint "profiles_id_fkey"', 'code': '23503', 'hint': None, 'details': 'Key (id)=(1c9c461c-b527-5b09-a935-76f4ade6abd2) is not present in table "users".'}
INFO:     127.0.0.1:50752 - "POST /api/v1/auth/register HTTP/1.1" 201 Created
2026-08-17T15:29:12 | INFO     | httpx | HTTP Request: GET https://dvimlywgukplssjkgvks.supabase.co/rest/v1/profiles?select=%2A&id=eq.1c9c461c-b527-5b09-a935-76f4ade6abd2 "HTTP/2 406 Not Acceptable"
2026-08-17T15:29:12 | WARNING  | bluefish.routes.auth | [DEV MODE] Profile missing for 1c9c461c-b527-5b09-a935-76f4ade6abd2. Using mock data.
INFO:     127.0.0.1:50762 - "POST /api/v1/auth/login HTTP/1.1" 200 OK
2026-08-17T15:29:12 | INFO     | httpx | HTTP Request: GET https://dvimlywgukplssjkgvks.supabase.co/rest/v1/profiles?select=role&id=eq.1c9c461c-b527-5b09-a935-76f4ade6abd2 "HTTP/2 406 Not Acceptable"
2026-08-17T15:29:12 | WARNING  | bluefish.security | Could not fetch role for user 1c9c461c-b527-5b09-a935-76f4ade6abd2: {'message': 'Cannot coerce the result to a single JSON object', 'code': 'PGRST116', 'hint': None, 'details': 'The result contains 0 rows'}. Defaulting to 'fisherman'.
2026-08-17T15:29:12 | INFO     | httpx | HTTP Request: GET https://dvimlywgukplssjkgvks.supabase.co/rest/v1/profiles?select=%2A&id=eq.1c9c461c-b527-5b09-a935-76f4ade6abd2 "HTTP/2 406 Not Acceptable"
2026-08-17T15:29:12 | WARNING  | bluefish.routes.auth | Profile fetch failed for 1c9c461c-b527-5b09-a935-76f4ade6abd2: {'message': 'Cannot coerce the result to a single JSON object', 'code': 'PGRST116', 'hint': None, 'details': 'The result contains 0 rows'}
2026-08-17T15:29:12 | INFO     | httpx | HTTP Request: GET https://dvimlywgukplssjkgvks.supabase.co/rest/v1/vessels?select=mmsi%2Cvessel_type&owner_id=eq.1c9c461c-b527-5b09-a935-76f4ade6abd2 "HTTP/2 200 OK"
INFO:     127.0.0.1:50768 - "GET /api/v1/auth/me HTTP/1.1" 200 OK
2026-08-17T15:29:12 | INFO     | httpx | HTTP Request: POST https://dvimlywgukplssjkgvks.supabase.co/rest/v1/profiles "HTTP/2 409 Conflict"
2026-08-17T15:29:12 | WARNING  | bluefish.routes.auth | [DEV MODE] Skipping profile insert due to auth.users FK constraint: {'message': 'insert or update on table "profiles" violates foreign key constraint "profiles_id_fkey"', 'code': '23503', 'hint': None, 'details': 'Key (id)=(960135d9-8da5-5092-ad1d-498a9a22b3de) is not present in table "users".'}
INFO:     127.0.0.1:50772 - "POST /api/v1/auth/register HTTP/1.1" 201 Created
2026-08-17T15:29:12 | INFO     | httpx | HTTP Request: GET https://dvimlywgukplssjkgvks.supabase.co/rest/v1/profiles?select=%2A&id=eq.960135d9-8da5-5092-ad1d-498a9a22b3de "HTTP/2 406 Not Acceptable"
2026-08-17T15:29:12 | WARNING  | bluefish.routes.auth | [DEV MODE] Profile missing for 960135d9-8da5-5092-ad1d-498a9a22b3de. Using mock data.
INFO:     127.0.0.1:50776 - "POST /api/v1/auth/login HTTP/1.1" 200 OK
2026-08-17T15:29:12 | INFO     | httpx | HTTP Request: GET https://dvimlywgukplssjkgvks.supabase.co/rest/v1/profiles?select=role&id=eq.960135d9-8da5-5092-ad1d-498a9a22b3de "HTTP/2 406 Not Acceptable"
2026-08-17T15:29:12 | WARNING  | bluefish.security | Could not fetch role for user 960135d9-8da5-5092-ad1d-498a9a22b3de: {'message': 'Cannot coerce the result to a single JSON object', 'code': 'PGRST116', 'hint': None, 'details': 'The result contains 0 rows'}. Defaulting to 'fisherman'.
2026-08-17T15:29:12 | INFO     | httpx | HTTP Request: GET https://dvimlywgukplssjkgvks.supabase.co/rest/v1/profiles?select=%2A&id=eq.960135d9-8da5-5092-ad1d-498a9a22b3de "HTTP/2 406 Not Acceptable"
2026-08-17T15:29:12 | WARNING  | bluefish.routes.auth | Profile fetch failed for 960135d9-8da5-5092-ad1d-498a9a22b3de: {'message': 'Cannot coerce the result to a single JSON object', 'code': 'PGRST116', 'hint': None, 'details': 'The result contains 0 rows'}
2026-08-17T15:29:12 | INFO     | httpx | HTTP Request: GET https://dvimlywgukplssjkgvks.supabase.co/rest/v1/vessels?select=mmsi%2Cvessel_type&owner_id=eq.960135d9-8da5-5092-ad1d-498a9a22b3de "HTTP/2 200 OK"
INFO:     127.0.0.1:50792 - "GET /api/v1/auth/me HTTP/1.1" 200 OK
2026-08-17T15:29:12 | INFO     | httpx | HTTP Request: POST https://dvimlywgukplssjkgvks.supabase.co/rest/v1/profiles "HTTP/2 409 Conflict"
2026-08-17T15:29:12 | WARNING  | bluefish.routes.auth | [DEV MODE] Skipping profile insert due to auth.users FK constraint: {'message': 'insert or update on table "profiles" violates foreign key constraint "profiles_id_fkey"', 'code': '23503', 'hint': None, 'details': 'Key (id)=(8168f9b1-0796-5e86-a955-491f3d9074a4) is not present in table "users".'}
INFO:     127.0.0.1:50804 - "POST /api/v1/auth/register HTTP/1.1" 201 Created
2026-08-17T15:29:12 | INFO     | httpx | HTTP Request: GET https://dvimlywgukplssjkgvks.supabase.co/rest/v1/profiles?select=%2A&id=eq.8168f9b1-0796-5e86-a955-491f3d9074a4 "HTTP/2 406 Not Acceptable"
2026-08-17T15:29:12 | WARNING  | bluefish.routes.auth | [DEV MODE] Profile missing for 8168f9b1-0796-5e86-a955-491f3d9074a4. Using mock data.
INFO:     127.0.0.1:50818 - "POST /api/v1/auth/login HTTP/1.1" 200 OK
2026-08-17T15:29:13 | INFO     | httpx | HTTP Request: GET https://dvimlywgukplssjkgvks.supabase.co/rest/v1/profiles?select=role&id=eq.8168f9b1-0796-5e86-a955-491f3d9074a4 "HTTP/2 406 Not Acceptable"
2026-08-17T15:29:13 | WARNING  | bluefish.security | Could not fetch role for user 8168f9b1-0796-5e86-a955-491f3d9074a4: {'message': 'Cannot coerce the result to a single JSON object', 'code': 'PGRST116', 'hint': None, 'details': 'The result contains 0 rows'}. Defaulting to 'fisherman'.
2026-08-17T15:29:13 | INFO     | httpx | HTTP Request: GET https://dvimlywgukplssjkgvks.supabase.co/rest/v1/profiles?select=%2A&id=eq.8168f9b1-0796-5e86-a955-491f3d9074a4 "HTTP/2 406 Not Acceptable"
2026-08-17T15:29:13 | WARNING  | bluefish.routes.auth | Profile fetch failed for 8168f9b1-0796-5e86-a955-491f3d9074a4: {'message': 'Cannot coerce the result to a single JSON object', 'code': 'PGRST116', 'hint': None, 'details': 'The result contains 0 rows'}
2026-08-17T15:29:13 | INFO     | httpx | HTTP Request: GET https://dvimlywgukplssjkgvks.supabase.co/rest/v1/vessels?select=mmsi%2Cvessel_type&owner_id=eq.8168f9b1-0796-5e86-a955-491f3d9074a4 "HTTP/2 200 OK"
INFO:     127.0.0.1:50826 - "GET /api/v1/auth/me HTTP/1.1" 200 OK
2026-08-17T15:29:13 | INFO     | httpx | HTTP Request: POST https://dvimlywgukplssjkgvks.supabase.co/rest/v1/profiles "HTTP/2 409 Conflict"
2026-08-17T15:29:13 | WARNING  | bluefish.routes.auth | [DEV MODE] Skipping profile insert due to auth.users FK constraint: {'message': 'insert or update on table "profiles" violates foreign key constraint "profiles_id_fkey"', 'code': '23503', 'hint': None, 'details': 'Key (id)=(52cdd6b4-844f-5575-8bad-898e929f1fe7) is not present in table "users".'}
INFO:     127.0.0.1:50830 - "POST /api/v1/auth/register HTTP/1.1" 201 Created
2026-08-17T15:29:13 | INFO     | httpx | HTTP Request: GET https://dvimlywgukplssjkgvks.supabase.co/rest/v1/profiles?select=%2A&id=eq.52cdd6b4-844f-5575-8bad-898e929f1fe7 "HTTP/2 406 Not Acceptable"
2026-08-17T15:29:13 | WARNING  | bluefish.routes.auth | [DEV MODE] Profile missing for 52cdd6b4-844f-5575-8bad-898e929f1fe7. Using mock data.
INFO:     127.0.0.1:50844 - "POST /api/v1/auth/login HTTP/1.1" 200 OK
2026-08-17T15:29:13 | INFO     | httpx | HTTP Request: GET https://dvimlywgukplssjkgvks.supabase.co/rest/v1/profiles?select=role&id=eq.52cdd6b4-844f-5575-8bad-898e929f1fe7 "HTTP/2 406 Not Acceptable"
2026-08-17T15:29:13 | WARNING  | bluefish.security | Could not fetch role for user 52cdd6b4-844f-5575-8bad-898e929f1fe7: {'message': 'Cannot coerce the result to a single JSON object', 'code': 'PGRST116', 'hint': None, 'details': 'The result contains 0 rows'}. Defaulting to 'fisherman'.
2026-08-17T15:29:13 | INFO     | httpx | HTTP Request: GET https://dvimlywgukplssjkgvks.supabase.co/rest/v1/profiles?select=%2A&id=eq.52cdd6b4-844f-5575-8bad-898e929f1fe7 "HTTP/2 406 Not Acceptable"
2026-08-17T15:29:13 | WARNING  | bluefish.routes.auth | Profile fetch failed for 52cdd6b4-844f-5575-8bad-898e929f1fe7: {'message': 'Cannot coerce the result to a single JSON object', 'code': 'PGRST116', 'hint': None, 'details': 'The result contains 0 rows'}
2026-08-17T15:29:13 | INFO     | httpx | HTTP Request: GET https://dvimlywgukplssjkgvks.supabase.co/rest/v1/vessels?select=mmsi%2Cvessel_type&owner_id=eq.52cdd6b4-844f-5575-8bad-898e929f1fe7 "HTTP/2 200 OK"
INFO:     127.0.0.1:50856 - "GET /api/v1/auth/me HTTP/1.1" 200 OK
2026-08-17T15:29:13 | INFO     | httpx | HTTP Request: POST https://dvimlywgukplssjkgvks.supabase.co/rest/v1/profiles "HTTP/2 409 Conflict"
2026-08-17T15:29:13 | WARNING  | bluefish.routes.auth | [DEV MODE] Skipping profile insert due to auth.users FK constraint: {'message': 'insert or update on table "profiles" violates foreign key constraint "profiles_id_fkey"', 'code': '23503', 'hint': None, 'details': 'Key (id)=(71dd451e-b7f9-5b19-b745-31a4355809d6) is not present in table "users".'}
INFO:     127.0.0.1:50872 - "POST /api/v1/auth/register HTTP/1.1" 201 Created
2026-08-17T15:29:13 | INFO     | httpx | HTTP Request: GET https://dvimlywgukplssjkgvks.supabase.co/rest/v1/profiles?select=%2A&id=eq.71dd451e-b7f9-5b19-b745-31a4355809d6 "HTTP/2 406 Not Acceptable"
2026-08-17T15:29:13 | WARNING  | bluefish.routes.auth | [DEV MODE] Profile missing for 71dd451e-b7f9-5b19-b745-31a4355809d6. Using mock data.
INFO:     127.0.0.1:50874 - "POST /api/v1/auth/login HTTP/1.1" 200 OK
2026-08-17T15:29:13 | INFO     | httpx | HTTP Request: GET https://dvimlywgukplssjkgvks.supabase.co/rest/v1/profiles?select=role&id=eq.71dd451e-b7f9-5b19-b745-31a4355809d6 "HTTP/2 406 Not Acceptable"
2026-08-17T15:29:13 | WARNING  | bluefish.security | Could not fetch role for user 71dd451e-b7f9-5b19-b745-31a4355809d6: {'message': 'Cannot coerce the result to a single JSON object', 'code': 'PGRST116', 'hint': None, 'details': 'The result contains 0 rows'}. Defaulting to 'fisherman'.
2026-08-17T15:29:13 | INFO     | httpx | HTTP Request: GET https://dvimlywgukplssjkgvks.supabase.co/rest/v1/profiles?select=%2A&id=eq.71dd451e-b7f9-5b19-b745-31a4355809d6 "HTTP/2 406 Not Acceptable"
2026-08-17T15:29:13 | WARNING  | bluefish.routes.auth | Profile fetch failed for 71dd451e-b7f9-5b19-b745-31a4355809d6: {'message': 'Cannot coerce the result to a single JSON object', 'code': 'PGRST116', 'hint': None, 'details': 'The result contains 0 rows'}
2026-08-17T15:29:13 | INFO     | httpx | HTTP Request: GET https://dvimlywgukplssjkgvks.supabase.co/rest/v1/vessels?select=mmsi%2Cvessel_type&owner_id=eq.71dd451e-b7f9-5b19-b745-31a4355809d6 "HTTP/2 200 OK"
INFO:     127.0.0.1:50876 - "GET /api/v1/auth/me HTTP/1.1" 200 OK
2026-08-17T15:29:14 | INFO     | httpx | HTTP Request: POST https://dvimlywgukplssjkgvks.supabase.co/rest/v1/profiles "HTTP/2 409 Conflict"
2026-08-17T15:29:14 | WARNING  | bluefish.routes.auth | [DEV MODE] Skipping profile insert due to auth.users FK constraint: {'message': 'insert or update on table "profiles" violates foreign key constraint "profiles_id_fkey"', 'code': '23503', 'hint': None, 'details': 'Key (id)=(260cf615-ff33-5f24-9174-aea030f5d602) is not present in table "users".'}
INFO:     127.0.0.1:50888 - "POST /api/v1/auth/register HTTP/1.1" 201 Created
2026-08-17T15:29:14 | INFO     | httpx | HTTP Request: GET https://dvimlywgukplssjkgvks.supabase.co/rest/v1/profiles?select=%2A&id=eq.260cf615-ff33-5f24-9174-aea030f5d602 "HTTP/2 406 Not Acceptable"
2026-08-17T15:29:14 | WARNING  | bluefish.routes.auth | [DEV MODE] Profile missing for 260cf615-ff33-5f24-9174-aea030f5d602. Using mock data.
INFO:     127.0.0.1:50894 - "POST /api/v1/auth/login HTTP/1.1" 200 OK
2026-08-17T15:29:14 | INFO     | httpx | HTTP Request: GET https://dvimlywgukplssjkgvks.supabase.co/rest/v1/profiles?select=role&id=eq.260cf615-ff33-5f24-9174-aea030f5d602 "HTTP/2 406 Not Acceptable"
2026-08-17T15:29:14 | WARNING  | bluefish.security | Could not fetch role for user 260cf615-ff33-5f24-9174-aea030f5d602: {'message': 'Cannot coerce the result to a single JSON object', 'code': 'PGRST116', 'hint': None, 'details': 'The result contains 0 rows'}. Defaulting to 'fisherman'.
2026-08-17T15:29:14 | INFO     | httpx | HTTP Request: GET https://dvimlywgukplssjkgvks.supabase.co/rest/v1/profiles?select=%2A&id=eq.260cf615-ff33-5f24-9174-aea030f5d602 "HTTP/2 406 Not Acceptable"
2026-08-17T15:29:14 | WARNING  | bluefish.routes.auth | Profile fetch failed for 260cf615-ff33-5f24-9174-aea030f5d602: {'message': 'Cannot coerce the result to a single JSON object', 'code': 'PGRST116', 'hint': None, 'details': 'The result contains 0 rows'}
2026-08-17T15:29:14 | INFO     | httpx | HTTP Request: GET https://dvimlywgukplssjkgvks.supabase.co/rest/v1/vessels?select=mmsi%2Cvessel_type&owner_id=eq.260cf615-ff33-5f24-9174-aea030f5d602 "HTTP/2 200 OK"
INFO:     127.0.0.1:50896 - "GET /api/v1/auth/me HTTP/1.1" 200 OK
2026-08-17T15:29:14 | INFO     | httpx | HTTP Request: POST https://dvimlywgukplssjkgvks.supabase.co/rest/v1/profiles "HTTP/2 409 Conflict"
2026-08-17T15:29:14 | WARNING  | bluefish.routes.auth | [DEV MODE] Skipping profile insert due to auth.users FK constraint: {'message': 'insert or update on table "profiles" violates foreign key constraint "profiles_id_fkey"', 'code': '23503', 'hint': None, 'details': 'Key (id)=(d6d747e1-df41-5970-b7d8-6878dabce26e) is not present in table "users".'}
INFO:     127.0.0.1:50900 - "POST /api/v1/auth/register HTTP/1.1" 201 Created
2026-08-17T15:29:14 | INFO     | httpx | HTTP Request: GET https://dvimlywgukplssjkgvks.supabase.co/rest/v1/profiles?select=%2A&id=eq.d6d747e1-df41-5970-b7d8-6878dabce26e "HTTP/2 406 Not Acceptable"
2026-08-17T15:29:14 | WARNING  | bluefish.routes.auth | [DEV MODE] Profile missing for d6d747e1-df41-5970-b7d8-6878dabce26e. Using mock data.
INFO:     127.0.0.1:50908 - "POST /api/v1/auth/login HTTP/1.1" 200 OK
2026-08-17T15:29:14 | INFO     | httpx | HTTP Request: GET https://dvimlywgukplssjkgvks.supabase.co/rest/v1/profiles?select=role&id=eq.d6d747e1-df41-5970-b7d8-6878dabce26e "HTTP/2 406 Not Acceptable"
2026-08-17T15:29:14 | WARNING  | bluefish.security | Could not fetch role for user d6d747e1-df41-5970-b7d8-6878dabce26e: {'message': 'Cannot coerce the result to a single JSON object', 'code': 'PGRST116', 'hint': None, 'details': 'The result contains 0 rows'}. Defaulting to 'fisherman'.
2026-08-17T15:29:14 | INFO     | httpx | HTTP Request: GET https://dvimlywgukplssjkgvks.supabase.co/rest/v1/profiles?select=%2A&id=eq.d6d747e1-df41-5970-b7d8-6878dabce26e "HTTP/2 406 Not Acceptable"
2026-08-17T15:29:14 | WARNING  | bluefish.routes.auth | Profile fetch failed for d6d747e1-df41-5970-b7d8-6878dabce26e: {'message': 'Cannot coerce the result to a single JSON object', 'code': 'PGRST116', 'hint': None, 'details': 'The result contains 0 rows'}
2026-08-17T15:29:14 | INFO     | httpx | HTTP Request: GET https://dvimlywgukplssjkgvks.supabase.co/rest/v1/vessels?select=mmsi%2Cvessel_type&owner_id=eq.d6d747e1-df41-5970-b7d8-6878dabce26e "HTTP/2 200 OK"
INFO:     127.0.0.1:50920 - "GET /api/v1/auth/me HTTP/1.1" 200 OK
2026-08-17T15:29:14 | INFO     | httpx | HTTP Request: POST https://dvimlywgukplssjkgvks.supabase.co/rest/v1/profiles "HTTP/2 409 Conflict"
2026-08-17T15:29:14 | WARNING  | bluefish.routes.auth | [DEV MODE] Skipping profile insert due to auth.users FK constraint: {'message': 'insert or update on table "profiles" violates foreign key constraint "profiles_id_fkey"', 'code': '23503', 'hint': None, 'details': 'Key (id)=(f66fc812-782f-5496-9743-329752f8ea90) is not present in table "users".'}
INFO:     127.0.0.1:50926 - "POST /api/v1/auth/register HTTP/1.1" 201 Created
2026-08-17T15:29:15 | INFO     | httpx | HTTP Request: GET https://dvimlywgukplssjkgvks.supabase.co/rest/v1/profiles?select=%2A&id=eq.f66fc812-782f-5496-9743-329752f8ea90 "HTTP/2 406 Not Acceptable"
2026-08-17T15:29:15 | WARNING  | bluefish.routes.auth | [DEV MODE] Profile missing for f66fc812-782f-5496-9743-329752f8ea90. Using mock data.
INFO:     127.0.0.1:50936 - "POST /api/v1/auth/login HTTP/1.1" 200 OK
2026-08-17T15:29:15 | INFO     | httpx | HTTP Request: GET https://dvimlywgukplssjkgvks.supabase.co/rest/v1/profiles?select=role&id=eq.f66fc812-782f-5496-9743-329752f8ea90 "HTTP/2 406 Not Acceptable"
2026-08-17T15:29:15 | WARNING  | bluefish.security | Could not fetch role for user f66fc812-782f-5496-9743-329752f8ea90: {'message': 'Cannot coerce the result to a single JSON object', 'code': 'PGRST116', 'hint': None, 'details': 'The result contains 0 rows'}. Defaulting to 'fisherman'.
2026-08-17T15:29:15 | INFO     | httpx | HTTP Request: GET https://dvimlywgukplssjkgvks.supabase.co/rest/v1/profiles?select=%2A&id=eq.f66fc812-782f-5496-9743-329752f8ea90 "HTTP/2 406 Not Acceptable"
2026-08-17T15:29:15 | WARNING  | bluefish.routes.auth | Profile fetch failed for f66fc812-782f-5496-9743-329752f8ea90: {'message': 'Cannot coerce the result to a single JSON object', 'code': 'PGRST116', 'hint': None, 'details': 'The result contains 0 rows'}
2026-08-17T15:29:15 | INFO     | httpx | HTTP Request: GET https://dvimlywgukplssjkgvks.supabase.co/rest/v1/vessels?select=mmsi%2Cvessel_type&owner_id=eq.f66fc812-782f-5496-9743-329752f8ea90 "HTTP/2 200 OK"
INFO:     127.0.0.1:50944 - "GET /api/v1/auth/me HTTP/1.1" 200 OK
2026-08-17T15:29:15 | INFO     | httpx | HTTP Request: POST https://dvimlywgukplssjkgvks.supabase.co/rest/v1/profiles "HTTP/2 409 Conflict"
2026-08-17T15:29:15 | WARNING  | bluefish.routes.auth | [DEV MODE] Skipping profile insert due to auth.users FK constraint: {'message': 'insert or update on table "profiles" violates foreign key constraint "profiles_id_fkey"', 'code': '23503', 'hint': None, 'details': 'Key (id)=(017434a7-7493-5910-aa5b-a30c114d2c7a) is not present in table "users".'}
INFO:     127.0.0.1:50960 - "POST /api/v1/auth/register HTTP/1.1" 201 Created
2026-08-17T15:29:15 | INFO     | httpx | HTTP Request: GET https://dvimlywgukplssjkgvks.supabase.co/rest/v1/profiles?select=%2A&id=eq.017434a7-7493-5910-aa5b-a30c114d2c7a "HTTP/2 406 Not Acceptable"
2026-08-17T15:29:15 | WARNING  | bluefish.routes.auth | [DEV MODE] Profile missing for 017434a7-7493-5910-aa5b-a30c114d2c7a. Using mock data.
INFO:     127.0.0.1:50970 - "POST /api/v1/auth/login HTTP/1.1" 200 OK
2026-08-17T15:29:15 | INFO     | httpx | HTTP Request: GET https://dvimlywgukplssjkgvks.supabase.co/rest/v1/profiles?select=role&id=eq.017434a7-7493-5910-aa5b-a30c114d2c7a "HTTP/2 406 Not Acceptable"
2026-08-17T15:29:15 | WARNING  | bluefish.security | Could not fetch role for user 017434a7-7493-5910-aa5b-a30c114d2c7a: {'message': 'Cannot coerce the result to a single JSON object', 'code': 'PGRST116', 'hint': None, 'details': 'The result contains 0 rows'}. Defaulting to 'fisherman'.
2026-08-17T15:29:15 | INFO     | httpx | HTTP Request: GET https://dvimlywgukplssjkgvks.supabase.co/rest/v1/profiles?select=%2A&id=eq.017434a7-7493-5910-aa5b-a30c114d2c7a "HTTP/2 406 Not Acceptable"
2026-08-17T15:29:15 | WARNING  | bluefish.routes.auth | Profile fetch failed for 017434a7-7493-5910-aa5b-a30c114d2c7a: {'message': 'Cannot coerce the result to a single JSON object', 'code': 'PGRST116', 'hint': None, 'details': 'The result contains 0 rows'}
2026-08-17T15:29:15 | INFO     | httpx | HTTP Request: GET https://dvimlywgukplssjkgvks.supabase.co/rest/v1/vessels?select=mmsi%2Cvessel_type&owner_id=eq.017434a7-7493-5910-aa5b-a30c114d2c7a "HTTP/2 200 OK"
INFO:     127.0.0.1:50974 - "GET /api/v1/auth/me HTTP/1.1" 200 OK
2026-08-17T15:29:15 | INFO     | httpx | HTTP Request: POST https://dvimlywgukplssjkgvks.supabase.co/rest/v1/profiles "HTTP/2 409 Conflict"
2026-08-17T15:29:15 | WARNING  | bluefish.routes.auth | [DEV MODE] Skipping profile insert due to auth.users FK constraint: {'message': 'insert or update on table "profiles" violates foreign key constraint "profiles_id_fkey"', 'code': '23503', 'hint': None, 'details': 'Key (id)=(fdf78c75-1893-5bdd-820d-d33d5398ffa0) is not present in table "users".'}
INFO:     127.0.0.1:50982 - "POST /api/v1/auth/register HTTP/1.1" 201 Created
2026-08-17T15:29:15 | INFO     | httpx | HTTP Request: GET https://dvimlywgukplssjkgvks.supabase.co/rest/v1/profiles?select=%2A&id=eq.fdf78c75-1893-5bdd-820d-d33d5398ffa0 "HTTP/2 406 Not Acceptable"
2026-08-17T15:29:15 | WARNING  | bluefish.routes.auth | [DEV MODE] Profile missing for fdf78c75-1893-5bdd-820d-d33d5398ffa0. Using mock data.
INFO:     127.0.0.1:50992 - "POST /api/v1/auth/login HTTP/1.1" 200 OK
2026-08-17T15:29:15 | INFO     | httpx | HTTP Request: GET https://dvimlywgukplssjkgvks.supabase.co/rest/v1/profiles?select=role&id=eq.fdf78c75-1893-5bdd-820d-d33d5398ffa0 "HTTP/2 406 Not Acceptable"
2026-08-17T15:29:15 | WARNING  | bluefish.security | Could not fetch role for user fdf78c75-1893-5bdd-820d-d33d5398ffa0: {'message': 'Cannot coerce the result to a single JSON object', 'code': 'PGRST116', 'hint': None, 'details': 'The result contains 0 rows'}. Defaulting to 'fisherman'.
2026-08-17T15:29:15 | INFO     | httpx | HTTP Request: GET https://dvimlywgukplssjkgvks.supabase.co/rest/v1/profiles?select=%2A&id=eq.fdf78c75-1893-5bdd-820d-d33d5398ffa0 "HTTP/2 406 Not Acceptable"
2026-08-17T15:29:15 | WARNING  | bluefish.routes.auth | Profile fetch failed for fdf78c75-1893-5bdd-820d-d33d5398ffa0: {'message': 'Cannot coerce the result to a single JSON object', 'code': 'PGRST116', 'hint': None, 'details': 'The result contains 0 rows'}
2026-08-17T15:29:16 | INFO     | httpx | HTTP Request: GET https://dvimlywgukplssjkgvks.supabase.co/rest/v1/vessels?select=mmsi%2Cvessel_type&owner_id=eq.fdf78c75-1893-5bdd-820d-d33d5398ffa0 "HTTP/2 200 OK"
INFO:     127.0.0.1:51006 - "GET /api/v1/auth/me HTTP/1.1" 200 OK
2026-08-17T15:29:16 | INFO     | httpx | HTTP Request: POST https://dvimlywgukplssjkgvks.supabase.co/rest/v1/profiles "HTTP/2 409 Conflict"
2026-08-17T15:29:16 | WARNING  | bluefish.routes.auth | [DEV MODE] Skipping profile insert due to auth.users FK constraint: {'message': 'insert or update on table "profiles" violates foreign key constraint "profiles_id_fkey"', 'code': '23503', 'hint': None, 'details': 'Key (id)=(6733f5f7-97ec-544f-9a5a-a4592e6f11b8) is not present in table "users".'}
INFO:     127.0.0.1:51022 - "POST /api/v1/auth/register HTTP/1.1" 201 Created
2026-08-17T15:29:16 | INFO     | httpx | HTTP Request: GET https://dvimlywgukplssjkgvks.supabase.co/rest/v1/profiles?select=%2A&id=eq.6733f5f7-97ec-544f-9a5a-a4592e6f11b8 "HTTP/2 406 Not Acceptable"
2026-08-17T15:29:16 | WARNING  | bluefish.routes.auth | [DEV MODE] Profile missing for 6733f5f7-97ec-544f-9a5a-a4592e6f11b8. Using mock data.
INFO:     127.0.0.1:51032 - "POST /api/v1/auth/login HTTP/1.1" 200 OK
2026-08-17T15:29:16 | INFO     | httpx | HTTP Request: GET https://dvimlywgukplssjkgvks.supabase.co/rest/v1/profiles?select=role&id=eq.6733f5f7-97ec-544f-9a5a-a4592e6f11b8 "HTTP/2 406 Not Acceptable"
2026-08-17T15:29:16 | WARNING  | bluefish.security | Could not fetch role for user 6733f5f7-97ec-544f-9a5a-a4592e6f11b8: {'message': 'Cannot coerce the result to a single JSON object', 'code': 'PGRST116', 'hint': None, 'details': 'The result contains 0 rows'}. Defaulting to 'fisherman'.
2026-08-17T15:29:16 | INFO     | httpx | HTTP Request: GET https://dvimlywgukplssjkgvks.supabase.co/rest/v1/profiles?select=%2A&id=eq.6733f5f7-97ec-544f-9a5a-a4592e6f11b8 "HTTP/2 406 Not Acceptable"
2026-08-17T15:29:16 | WARNING  | bluefish.routes.auth | Profile fetch failed for 6733f5f7-97ec-544f-9a5a-a4592e6f11b8: {'message': 'Cannot coerce the result to a single JSON object', 'code': 'PGRST116', 'hint': None, 'details': 'The result contains 0 rows'}
2026-08-17T15:29:16 | INFO     | httpx | HTTP Request: GET https://dvimlywgukplssjkgvks.supabase.co/rest/v1/vessels?select=mmsi%2Cvessel_type&owner_id=eq.6733f5f7-97ec-544f-9a5a-a4592e6f11b8 "HTTP/2 200 OK"
INFO:     127.0.0.1:51038 - "GET /api/v1/auth/me HTTP/1.1" 200 OK
2026-08-17T15:29:16 | INFO     | httpx | HTTP Request: POST https://dvimlywgukplssjkgvks.supabase.co/rest/v1/profiles "HTTP/2 409 Conflict"
2026-08-17T15:29:16 | WARNING  | bluefish.routes.auth | [DEV MODE] Skipping profile insert due to auth.users FK constraint: {'message': 'insert or update on table "profiles" violates foreign key constraint "profiles_id_fkey"', 'code': '23503', 'hint': None, 'details': 'Key (id)=(2196c6a6-42fc-568b-a681-63a8b664cb7d) is not present in table "users".'}
INFO:     127.0.0.1:51050 - "POST /api/v1/auth/register HTTP/1.1" 201 Created
2026-08-17T15:29:16 | INFO     | httpx | HTTP Request: GET https://dvimlywgukplssjkgvks.supabase.co/rest/v1/profiles?select=%2A&id=eq.2196c6a6-42fc-568b-a681-63a8b664cb7d "HTTP/2 406 Not Acceptable"
2026-08-17T15:29:16 | WARNING  | bluefish.routes.auth | [DEV MODE] Profile missing for 2196c6a6-42fc-568b-a681-63a8b664cb7d. Using mock data.
INFO:     127.0.0.1:51060 - "POST /api/v1/auth/login HTTP/1.1" 200 OK
2026-08-17T15:29:16 | INFO     | httpx | HTTP Request: GET https://dvimlywgukplssjkgvks.supabase.co/rest/v1/profiles?select=role&id=eq.2196c6a6-42fc-568b-a681-63a8b664cb7d "HTTP/2 406 Not Acceptable"
2026-08-17T15:29:16 | WARNING  | bluefish.security | Could not fetch role for user 2196c6a6-42fc-568b-a681-63a8b664cb7d: {'message': 'Cannot coerce the result to a single JSON object', 'code': 'PGRST116', 'hint': None, 'details': 'The result contains 0 rows'}. Defaulting to 'fisherman'.
2026-08-17T15:29:16 | INFO     | httpx | HTTP Request: GET https://dvimlywgukplssjkgvks.supabase.co/rest/v1/profiles?select=%2A&id=eq.2196c6a6-42fc-568b-a681-63a8b664cb7d "HTTP/2 406 Not Acceptable"
2026-08-17T15:29:16 | WARNING  | bluefish.routes.auth | Profile fetch failed for 2196c6a6-42fc-568b-a681-63a8b664cb7d: {'message': 'Cannot coerce the result to a single JSON object', 'code': 'PGRST116', 'hint': None, 'details': 'The result contains 0 rows'}
2026-08-17T15:29:16 | INFO     | httpx | HTTP Request: GET https://dvimlywgukplssjkgvks.supabase.co/rest/v1/vessels?select=mmsi%2Cvessel_type&owner_id=eq.2196c6a6-42fc-568b-a681-63a8b664cb7d "HTTP/2 200 OK"
INFO:     127.0.0.1:51074 - "GET /api/v1/auth/me HTTP/1.1" 200 OK
2026-08-17T15:29:16 | INFO     | httpx | HTTP Request: POST https://dvimlywgukplssjkgvks.supabase.co/rest/v1/profiles "HTTP/2 409 Conflict"
2026-08-17T15:29:16 | WARNING  | bluefish.routes.auth | [DEV MODE] Skipping profile insert due to auth.users FK constraint: {'message': 'insert or update on table "profiles" violates foreign key constraint "profiles_id_fkey"', 'code': '23503', 'hint': None, 'details': 'Key (id)=(8276f207-2dd1-526b-abda-82ece6cea57c) is not present in table "users".'}
INFO:     127.0.0.1:51076 - "POST /api/v1/auth/register HTTP/1.1" 201 Created
2026-08-17T15:29:17 | INFO     | httpx | HTTP Request: GET https://dvimlywgukplssjkgvks.supabase.co/rest/v1/profiles?select=%2A&id=eq.8276f207-2dd1-526b-abda-82ece6cea57c "HTTP/2 406 Not Acceptable"
2026-08-17T15:29:17 | WARNING  | bluefish.routes.auth | [DEV MODE] Profile missing for 8276f207-2dd1-526b-abda-82ece6cea57c. Using mock data.
INFO:     127.0.0.1:51086 - "POST /api/v1/auth/login HTTP/1.1" 200 OK
2026-08-17T15:29:17 | INFO     | httpx | HTTP Request: GET https://dvimlywgukplssjkgvks.supabase.co/rest/v1/profiles?select=role&id=eq.8276f207-2dd1-526b-abda-82ece6cea57c "HTTP/2 406 Not Acceptable"
2026-08-17T15:29:17 | WARNING  | bluefish.security | Could not fetch role for user 8276f207-2dd1-526b-abda-82ece6cea57c: {'message': 'Cannot coerce the result to a single JSON object', 'code': 'PGRST116', 'hint': None, 'details': 'The result contains 0 rows'}. Defaulting to 'fisherman'.
2026-08-17T15:29:17 | INFO     | httpx | HTTP Request: GET https://dvimlywgukplssjkgvks.supabase.co/rest/v1/profiles?select=%2A&id=eq.8276f207-2dd1-526b-abda-82ece6cea57c "HTTP/2 406 Not Acceptable"
2026-08-17T15:29:17 | WARNING  | bluefish.routes.auth | Profile fetch failed for 8276f207-2dd1-526b-abda-82ece6cea57c: {'message': 'Cannot coerce the result to a single JSON object', 'code': 'PGRST116', 'hint': None, 'details': 'The result contains 0 rows'}
2026-08-17T15:29:17 | INFO     | httpx | HTTP Request: GET https://dvimlywgukplssjkgvks.supabase.co/rest/v1/vessels?select=mmsi%2Cvessel_type&owner_id=eq.8276f207-2dd1-526b-abda-82ece6cea57c "HTTP/2 200 OK"
INFO:     127.0.0.1:51098 - "GET /api/v1/auth/me HTTP/1.1" 200 OK
2026-08-17T15:29:17 | INFO     | httpx | HTTP Request: POST https://dvimlywgukplssjkgvks.supabase.co/rest/v1/profiles "HTTP/2 409 Conflict"
2026-08-17T15:29:17 | WARNING  | bluefish.routes.auth | [DEV MODE] Skipping profile insert due to auth.users FK constraint: {'message': 'insert or update on table "profiles" violates foreign key constraint "profiles_id_fkey"', 'code': '23503', 'hint': None, 'details': 'Key (id)=(ab328c9e-683e-5c8e-8824-9dde651adab1) is not present in table "users".'}
INFO:     127.0.0.1:51106 - "POST /api/v1/auth/register HTTP/1.1" 201 Created
2026-08-17T15:29:17 | INFO     | httpx | HTTP Request: GET https://dvimlywgukplssjkgvks.supabase.co/rest/v1/profiles?select=%2A&id=eq.ab328c9e-683e-5c8e-8824-9dde651adab1 "HTTP/2 406 Not Acceptable"
2026-08-17T15:29:17 | WARNING  | bluefish.routes.auth | [DEV MODE] Profile missing for ab328c9e-683e-5c8e-8824-9dde651adab1. Using mock data.
INFO:     127.0.0.1:51114 - "POST /api/v1/auth/login HTTP/1.1" 200 OK
2026-08-17T15:29:17 | INFO     | httpx | HTTP Request: GET https://dvimlywgukplssjkgvks.supabase.co/rest/v1/profiles?select=role&id=eq.ab328c9e-683e-5c8e-8824-9dde651adab1 "HTTP/2 406 Not Acceptable"
2026-08-17T15:29:17 | WARNING  | bluefish.security | Could not fetch role for user ab328c9e-683e-5c8e-8824-9dde651adab1: {'message': 'Cannot coerce the result to a single JSON object', 'code': 'PGRST116', 'hint': None, 'details': 'The result contains 0 rows'}. Defaulting to 'fisherman'.
2026-08-17T15:29:17 | INFO     | httpx | HTTP Request: GET https://dvimlywgukplssjkgvks.supabase.co/rest/v1/profiles?select=%2A&id=eq.ab328c9e-683e-5c8e-8824-9dde651adab1 "HTTP/2 406 Not Acceptable"
2026-08-17T15:29:17 | WARNING  | bluefish.routes.auth | Profile fetch failed for ab328c9e-683e-5c8e-8824-9dde651adab1: {'message': 'Cannot coerce the result to a single JSON object', 'code': 'PGRST116', 'hint': None, 'details': 'The result contains 0 rows'}
2026-08-17T15:29:17 | INFO     | httpx | HTTP Request: GET https://dvimlywgukplssjkgvks.supabase.co/rest/v1/vessels?select=mmsi%2Cvessel_type&owner_id=eq.ab328c9e-683e-5c8e-8824-9dde651adab1 "HTTP/2 200 OK"
INFO:     127.0.0.1:51124 - "GET /api/v1/auth/me HTTP/1.1" 200 OK
2026-08-17T15:29:17 | INFO     | httpx | HTTP Request: POST https://dvimlywgukplssjkgvks.supabase.co/rest/v1/profiles "HTTP/2 409 Conflict"
2026-08-17T15:29:17 | WARNING  | bluefish.routes.auth | [DEV MODE] Skipping profile insert due to auth.users FK constraint: {'message': 'insert or update on table "profiles" violates foreign key constraint "profiles_id_fkey"', 'code': '23503', 'hint': None, 'details': 'Key (id)=(b45e2449-95ae-5f6c-b655-0547ed3abb0e) is not present in table "users".'}
INFO:     127.0.0.1:51132 - "POST /api/v1/auth/register HTTP/1.1" 201 Created
2026-08-17T15:29:17 | INFO     | httpx | HTTP Request: GET https://dvimlywgukplssjkgvks.supabase.co/rest/v1/profiles?select=%2A&id=eq.b45e2449-95ae-5f6c-b655-0547ed3abb0e "HTTP/2 406 Not Acceptable"
2026-08-17T15:29:17 | WARNING  | bluefish.routes.auth | [DEV MODE] Profile missing for b45e2449-95ae-5f6c-b655-0547ed3abb0e. Using mock data.
INFO:     127.0.0.1:51146 - "POST /api/v1/auth/login HTTP/1.1" 200 OK
2026-08-17T15:29:17 | INFO     | httpx | HTTP Request: GET https://dvimlywgukplssjkgvks.supabase.co/rest/v1/profiles?select=role&id=eq.b45e2449-95ae-5f6c-b655-0547ed3abb0e "HTTP/2 406 Not Acceptable"
2026-08-17T15:29:17 | WARNING  | bluefish.security | Could not fetch role for user b45e2449-95ae-5f6c-b655-0547ed3abb0e: {'message': 'Cannot coerce the result to a single JSON object', 'code': 'PGRST116', 'hint': None, 'details': 'The result contains 0 rows'}. Defaulting to 'fisherman'.
2026-08-17T15:29:17 | INFO     | httpx | HTTP Request: GET https://dvimlywgukplssjkgvks.supabase.co/rest/v1/profiles?select=%2A&id=eq.b45e2449-95ae-5f6c-b655-0547ed3abb0e "HTTP/2 406 Not Acceptable"
2026-08-17T15:29:17 | WARNING  | bluefish.routes.auth | Profile fetch failed for b45e2449-95ae-5f6c-b655-0547ed3abb0e: {'message': 'Cannot coerce the result to a single JSON object', 'code': 'PGRST116', 'hint': None, 'details': 'The result contains 0 rows'}
2026-08-17T15:29:18 | INFO     | httpx | HTTP Request: GET https://dvimlywgukplssjkgvks.supabase.co/rest/v1/vessels?select=mmsi%2Cvessel_type&owner_id=eq.b45e2449-95ae-5f6c-b655-0547ed3abb0e "HTTP/2 200 OK"
INFO:     127.0.0.1:51156 - "GET /api/v1/auth/me HTTP/1.1" 200 OK
2026-08-17T15:29:18 | INFO     | httpx | HTTP Request: POST https://dvimlywgukplssjkgvks.supabase.co/rest/v1/profiles "HTTP/2 409 Conflict"
2026-08-17T15:29:18 | WARNING  | bluefish.routes.auth | [DEV MODE] Skipping profile insert due to auth.users FK constraint: {'message': 'insert or update on table "profiles" violates foreign key constraint "profiles_id_fkey"', 'code': '23503', 'hint': None, 'details': 'Key (id)=(4efdcb5b-d30f-52d2-b552-e7edba0f7ac3) is not present in table "users".'}
INFO:     127.0.0.1:51162 - "POST /api/v1/auth/register HTTP/1.1" 201 Created
2026-08-17T15:29:18 | INFO     | httpx | HTTP Request: GET https://dvimlywgukplssjkgvks.supabase.co/rest/v1/profiles?select=%2A&id=eq.4efdcb5b-d30f-52d2-b552-e7edba0f7ac3 "HTTP/2 406 Not Acceptable"
2026-08-17T15:29:18 | WARNING  | bluefish.routes.auth | [DEV MODE] Profile missing for 4efdcb5b-d30f-52d2-b552-e7edba0f7ac3. Using mock data.
INFO:     127.0.0.1:51176 - "POST /api/v1/auth/login HTTP/1.1" 200 OK
2026-08-17T15:29:18 | INFO     | httpx | HTTP Request: GET https://dvimlywgukplssjkgvks.supabase.co/rest/v1/profiles?select=role&id=eq.4efdcb5b-d30f-52d2-b552-e7edba0f7ac3 "HTTP/2 406 Not Acceptable"
2026-08-17T15:29:18 | WARNING  | bluefish.security | Could not fetch role for user 4efdcb5b-d30f-52d2-b552-e7edba0f7ac3: {'message': 'Cannot coerce the result to a single JSON object', 'code': 'PGRST116', 'hint': None, 'details': 'The result contains 0 rows'}. Defaulting to 'fisherman'.
2026-08-17T15:29:18 | INFO     | httpx | HTTP Request: GET https://dvimlywgukplssjkgvks.supabase.co/rest/v1/profiles?select=%2A&id=eq.4efdcb5b-d30f-52d2-b552-e7edba0f7ac3 "HTTP/2 406 Not Acceptable"
2026-08-17T15:29:18 | WARNING  | bluefish.routes.auth | Profile fetch failed for 4efdcb5b-d30f-52d2-b552-e7edba0f7ac3: {'message': 'Cannot coerce the result to a single JSON object', 'code': 'PGRST116', 'hint': None, 'details': 'The result contains 0 rows'}
2026-08-17T15:29:18 | INFO     | httpx | HTTP Request: GET https://dvimlywgukplssjkgvks.supabase.co/rest/v1/vessels?select=mmsi%2Cvessel_type&owner_id=eq.4efdcb5b-d30f-52d2-b552-e7edba0f7ac3 "HTTP/2 200 OK"
INFO:     127.0.0.1:51180 - "GET /api/v1/auth/me HTTP/1.1" 200 OK
2026-08-17T15:29:18 | INFO     | httpx | HTTP Request: POST https://dvimlywgukplssjkgvks.supabase.co/rest/v1/profiles "HTTP/2 409 Conflict"
2026-08-17T15:29:18 | WARNING  | bluefish.routes.auth | [DEV MODE] Skipping profile insert due to auth.users FK constraint: {'message': 'insert or update on table "profiles" violates foreign key constraint "profiles_id_fkey"', 'code': '23503', 'hint': None, 'details': 'Key (id)=(6768aada-5f7b-5b54-a175-45b4b42ce6a8) is not present in table "users".'}
INFO:     127.0.0.1:51188 - "POST /api/v1/auth/register HTTP/1.1" 201 Created
2026-08-17T15:29:18 | INFO     | httpx | HTTP Request: GET https://dvimlywgukplssjkgvks.supabase.co/rest/v1/profiles?select=%2A&id=eq.6768aada-5f7b-5b54-a175-45b4b42ce6a8 "HTTP/2 406 Not Acceptable"
2026-08-17T15:29:18 | WARNING  | bluefish.routes.auth | [DEV MODE] Profile missing for 6768aada-5f7b-5b54-a175-45b4b42ce6a8. Using mock data.
INFO:     127.0.0.1:51192 - "POST /api/v1/auth/login HTTP/1.1" 200 OK
2026-08-17T15:29:18 | INFO     | httpx | HTTP Request: GET https://dvimlywgukplssjkgvks.supabase.co/rest/v1/profiles?select=role&id=eq.6768aada-5f7b-5b54-a175-45b4b42ce6a8 "HTTP/2 406 Not Acceptable"
2026-08-17T15:29:18 | WARNING  | bluefish.security | Could not fetch role for user 6768aada-5f7b-5b54-a175-45b4b42ce6a8: {'message': 'Cannot coerce the result to a single JSON object', 'code': 'PGRST116', 'hint': None, 'details': 'The result contains 0 rows'}. Defaulting to 'fisherman'.
2026-08-17T15:29:18 | INFO     | httpx | HTTP Request: GET https://dvimlywgukplssjkgvks.supabase.co/rest/v1/profiles?select=%2A&id=eq.6768aada-5f7b-5b54-a175-45b4b42ce6a8 "HTTP/2 406 Not Acceptable"
2026-08-17T15:29:18 | WARNING  | bluefish.routes.auth | Profile fetch failed for 6768aada-5f7b-5b54-a175-45b4b42ce6a8: {'message': 'Cannot coerce the result to a single JSON object', 'code': 'PGRST116', 'hint': None, 'details': 'The result contains 0 rows'}
2026-08-17T15:29:18 | INFO     | httpx | HTTP Request: GET https://dvimlywgukplssjkgvks.supabase.co/rest/v1/vessels?select=mmsi%2Cvessel_type&owner_id=eq.6768aada-5f7b-5b54-a175-45b4b42ce6a8 "HTTP/2 200 OK"
INFO:     127.0.0.1:51206 - "GET /api/v1/auth/me HTTP/1.1" 200 OK
2026-08-17T15:29:18 | INFO     | httpx | HTTP Request: POST https://dvimlywgukplssjkgvks.supabase.co/rest/v1/profiles "HTTP/2 409 Conflict"
2026-08-17T15:29:18 | WARNING  | bluefish.routes.auth | [DEV MODE] Skipping profile insert due to auth.users FK constraint: {'message': 'insert or update on table "profiles" violates foreign key constraint "profiles_id_fkey"', 'code': '23503', 'hint': None, 'details': 'Key (id)=(a93d4c99-6809-5c64-8b52-5f5bad6b40d1) is not present in table "users".'}
INFO:     127.0.0.1:51214 - "POST /api/v1/auth/register HTTP/1.1" 201 Created
2026-08-17T15:29:19 | INFO     | httpx | HTTP Request: GET https://dvimlywgukplssjkgvks.supabase.co/rest/v1/profiles?select=%2A&id=eq.a93d4c99-6809-5c64-8b52-5f5bad6b40d1 "HTTP/2 406 Not Acceptable"
2026-08-17T15:29:19 | WARNING  | bluefish.routes.auth | [DEV MODE] Profile missing for a93d4c99-6809-5c64-8b52-5f5bad6b40d1. Using mock data.
INFO:     127.0.0.1:51222 - "POST /api/v1/auth/login HTTP/1.1" 200 OK
2026-08-17T15:29:19 | INFO     | httpx | HTTP Request: GET https://dvimlywgukplssjkgvks.supabase.co/rest/v1/profiles?select=role&id=eq.a93d4c99-6809-5c64-8b52-5f5bad6b40d1 "HTTP/2 406 Not Acceptable"
2026-08-17T15:29:19 | WARNING  | bluefish.security | Could not fetch role for user a93d4c99-6809-5c64-8b52-5f5bad6b40d1: {'message': 'Cannot coerce the result to a single JSON object', 'code': 'PGRST116', 'hint': None, 'details': 'The result contains 0 rows'}. Defaulting to 'fisherman'.
2026-08-17T15:29:19 | INFO     | httpx | HTTP Request: GET https://dvimlywgukplssjkgvks.supabase.co/rest/v1/profiles?select=%2A&id=eq.a93d4c99-6809-5c64-8b52-5f5bad6b40d1 "HTTP/2 406 Not Acceptable"
2026-08-17T15:29:19 | WARNING  | bluefish.routes.auth | Profile fetch failed for a93d4c99-6809-5c64-8b52-5f5bad6b40d1: {'message': 'Cannot coerce the result to a single JSON object', 'code': 'PGRST116', 'hint': None, 'details': 'The result contains 0 rows'}
2026-08-17T15:29:19 | INFO     | httpx | HTTP Request: GET https://dvimlywgukplssjkgvks.supabase.co/rest/v1/vessels?select=mmsi%2Cvessel_type&owner_id=eq.a93d4c99-6809-5c64-8b52-5f5bad6b40d1 "HTTP/2 200 OK"
INFO:     127.0.0.1:51236 - "GET /api/v1/auth/me HTTP/1.1" 200 OK
2026-08-17T15:29:19 | INFO     | httpx | HTTP Request: POST https://dvimlywgukplssjkgvks.supabase.co/rest/v1/profiles "HTTP/2 409 Conflict"
2026-08-17T15:29:19 | WARNING  | bluefish.routes.auth | [DEV MODE] Skipping profile insert due to auth.users FK constraint: {'message': 'insert or update on table "profiles" violates foreign key constraint "profiles_id_fkey"', 'code': '23503', 'hint': None, 'details': 'Key (id)=(ca973f78-c24e-5f6f-aea4-0b71db23196a) is not present in table "users".'}
INFO:     127.0.0.1:51252 - "POST /api/v1/auth/register HTTP/1.1" 201 Created
2026-08-17T15:29:19 | INFO     | httpx | HTTP Request: GET https://dvimlywgukplssjkgvks.supabase.co/rest/v1/profiles?select=%2A&id=eq.ca973f78-c24e-5f6f-aea4-0b71db23196a "HTTP/2 406 Not Acceptable"
2026-08-17T15:29:19 | WARNING  | bluefish.routes.auth | [DEV MODE] Profile missing for ca973f78-c24e-5f6f-aea4-0b71db23196a. Using mock data.
INFO:     127.0.0.1:51260 - "POST /api/v1/auth/login HTTP/1.1" 200 OK
2026-08-17T15:29:19 | INFO     | httpx | HTTP Request: GET https://dvimlywgukplssjkgvks.supabase.co/rest/v1/profiles?select=role&id=eq.ca973f78-c24e-5f6f-aea4-0b71db23196a "HTTP/2 406 Not Acceptable"
2026-08-17T15:29:19 | WARNING  | bluefish.security | Could not fetch role for user ca973f78-c24e-5f6f-aea4-0b71db23196a: {'message': 'Cannot coerce the result to a single JSON object', 'code': 'PGRST116', 'hint': None, 'details': 'The result contains 0 rows'}. Defaulting to 'fisherman'.
2026-08-17T15:29:19 | INFO     | httpx | HTTP Request: GET https://dvimlywgukplssjkgvks.supabase.co/rest/v1/profiles?select=%2A&id=eq.ca973f78-c24e-5f6f-aea4-0b71db23196a "HTTP/2 406 Not Acceptable"
2026-08-17T15:29:19 | WARNING  | bluefish.routes.auth | Profile fetch failed for ca973f78-c24e-5f6f-aea4-0b71db23196a: {'message': 'Cannot coerce the result to a single JSON object', 'code': 'PGRST116', 'hint': None, 'details': 'The result contains 0 rows'}
2026-08-17T15:29:19 | INFO     | httpx | HTTP Request: GET https://dvimlywgukplssjkgvks.supabase.co/rest/v1/vessels?select=mmsi%2Cvessel_type&owner_id=eq.ca973f78-c24e-5f6f-aea4-0b71db23196a "HTTP/2 200 OK"
INFO:     127.0.0.1:51262 - "GET /api/v1/auth/me HTTP/1.1" 200 OK
2026-08-17T15:29:19 | INFO     | httpx | HTTP Request: POST https://dvimlywgukplssjkgvks.supabase.co/rest/v1/profiles "HTTP/2 409 Conflict"
2026-08-17T15:29:19 | WARNING  | bluefish.routes.auth | [DEV MODE] Skipping profile insert due to auth.users FK constraint: {'message': 'insert or update on table "profiles" violates foreign key constraint "profiles_id_fkey"', 'code': '23503', 'hint': None, 'details': 'Key (id)=(8f44e91c-1974-5584-b3dd-a5411a9bcfb0) is not present in table "users".'}
INFO:     127.0.0.1:51264 - "POST /api/v1/auth/register HTTP/1.1" 201 Created
2026-08-17T15:29:19 | INFO     | httpx | HTTP Request: GET https://dvimlywgukplssjkgvks.supabase.co/rest/v1/profiles?select=%2A&id=eq.8f44e91c-1974-5584-b3dd-a5411a9bcfb0 "HTTP/2 406 Not Acceptable"
2026-08-17T15:29:19 | WARNING  | bluefish.routes.auth | [DEV MODE] Profile missing for 8f44e91c-1974-5584-b3dd-a5411a9bcfb0. Using mock data.
INFO:     127.0.0.1:51276 - "POST /api/v1/auth/login HTTP/1.1" 200 OK
2026-08-17T15:29:20 | INFO     | httpx | HTTP Request: GET https://dvimlywgukplssjkgvks.supabase.co/rest/v1/profiles?select=role&id=eq.8f44e91c-1974-5584-b3dd-a5411a9bcfb0 "HTTP/2 406 Not Acceptable"
2026-08-17T15:29:20 | WARNING  | bluefish.security | Could not fetch role for user 8f44e91c-1974-5584-b3dd-a5411a9bcfb0: {'message': 'Cannot coerce the result to a single JSON object', 'code': 'PGRST116', 'hint': None, 'details': 'The result contains 0 rows'}. Defaulting to 'fisherman'.
2026-08-17T15:29:20 | INFO     | httpx | HTTP Request: GET https://dvimlywgukplssjkgvks.supabase.co/rest/v1/profiles?select=%2A&id=eq.8f44e91c-1974-5584-b3dd-a5411a9bcfb0 "HTTP/2 406 Not Acceptable"
2026-08-17T15:29:20 | WARNING  | bluefish.routes.auth | Profile fetch failed for 8f44e91c-1974-5584-b3dd-a5411a9bcfb0: {'message': 'Cannot coerce the result to a single JSON object', 'code': 'PGRST116', 'hint': None, 'details': 'The result contains 0 rows'}
2026-08-17T15:29:20 | INFO     | httpx | HTTP Request: GET https://dvimlywgukplssjkgvks.supabase.co/rest/v1/vessels?select=mmsi%2Cvessel_type&owner_id=eq.8f44e91c-1974-5584-b3dd-a5411a9bcfb0 "HTTP/2 200 OK"
INFO:     127.0.0.1:51278 - "GET /api/v1/auth/me HTTP/1.1" 200 OK
2026-08-17T15:29:20 | INFO     | httpx | HTTP Request: POST https://dvimlywgukplssjkgvks.supabase.co/rest/v1/profiles "HTTP/2 409 Conflict"
2026-08-17T15:29:20 | WARNING  | bluefish.routes.auth | [DEV MODE] Skipping profile insert due to auth.users FK constraint: {'message': 'insert or update on table "profiles" violates foreign key constraint "profiles_id_fkey"', 'code': '23503', 'hint': None, 'details': 'Key (id)=(55e7a5a6-30d4-5e32-958b-30b2dd164f98) is not present in table "users".'}
INFO:     127.0.0.1:51290 - "POST /api/v1/auth/register HTTP/1.1" 201 Created
2026-08-17T15:29:20 | INFO     | httpx | HTTP Request: GET https://dvimlywgukplssjkgvks.supabase.co/rest/v1/profiles?select=%2A&id=eq.55e7a5a6-30d4-5e32-958b-30b2dd164f98 "HTTP/2 406 Not Acceptable"
2026-08-17T15:29:20 | WARNING  | bluefish.routes.auth | [DEV MODE] Profile missing for 55e7a5a6-30d4-5e32-958b-30b2dd164f98. Using mock data.
INFO:     127.0.0.1:51300 - "POST /api/v1/auth/login HTTP/1.1" 200 OK
2026-08-17T15:29:20 | INFO     | httpx | HTTP Request: GET https://dvimlywgukplssjkgvks.supabase.co/rest/v1/profiles?select=role&id=eq.55e7a5a6-30d4-5e32-958b-30b2dd164f98 "HTTP/2 406 Not Acceptable"
2026-08-17T15:29:20 | WARNING  | bluefish.security | Could not fetch role for user 55e7a5a6-30d4-5e32-958b-30b2dd164f98: {'message': 'Cannot coerce the result to a single JSON object', 'code': 'PGRST116', 'hint': None, 'details': 'The result contains 0 rows'}. Defaulting to 'fisherman'.
2026-08-17T15:29:20 | INFO     | httpx | HTTP Request: GET https://dvimlywgukplssjkgvks.supabase.co/rest/v1/profiles?select=%2A&id=eq.55e7a5a6-30d4-5e32-958b-30b2dd164f98 "HTTP/2 406 Not Acceptable"
2026-08-17T15:29:20 | WARNING  | bluefish.routes.auth | Profile fetch failed for 55e7a5a6-30d4-5e32-958b-30b2dd164f98: {'message': 'Cannot coerce the result to a single JSON object', 'code': 'PGRST116', 'hint': None, 'details': 'The result contains 0 rows'}
2026-08-17T15:29:20 | INFO     | httpx | HTTP Request: GET https://dvimlywgukplssjkgvks.supabase.co/rest/v1/vessels?select=mmsi%2Cvessel_type&owner_id=eq.55e7a5a6-30d4-5e32-958b-30b2dd164f98 "HTTP/2 200 OK"
INFO:     127.0.0.1:51314 - "GET /api/v1/auth/me HTTP/1.1" 200 OK
2026-08-17T15:29:20 | INFO     | httpx | HTTP Request: POST https://dvimlywgukplssjkgvks.supabase.co/rest/v1/profiles "HTTP/2 409 Conflict"
2026-08-17T15:29:20 | WARNING  | bluefish.routes.auth | [DEV MODE] Skipping profile insert due to auth.users FK constraint: {'message': 'insert or update on table "profiles" violates foreign key constraint "profiles_id_fkey"', 'code': '23503', 'hint': None, 'details': 'Key (id)=(5df1c9d0-8bb5-543a-911b-89e9e73b841f) is not present in table "users".'}
INFO:     127.0.0.1:51330 - "POST /api/v1/auth/register HTTP/1.1" 201 Created
2026-08-17T15:29:20 | INFO     | httpx | HTTP Request: GET https://dvimlywgukplssjkgvks.supabase.co/rest/v1/profiles?select=%2A&id=eq.5df1c9d0-8bb5-543a-911b-89e9e73b841f "HTTP/2 406 Not Acceptable"
2026-08-17T15:29:20 | WARNING  | bluefish.routes.auth | [DEV MODE] Profile missing for 5df1c9d0-8bb5-543a-911b-89e9e73b841f. Using mock data.
INFO:     127.0.0.1:51332 - "POST /api/v1/auth/login HTTP/1.1" 200 OK
2026-08-17T15:29:20 | INFO     | httpx | HTTP Request: GET https://dvimlywgukplssjkgvks.supabase.co/rest/v1/profiles?select=role&id=eq.5df1c9d0-8bb5-543a-911b-89e9e73b841f "HTTP/2 406 Not Acceptable"
2026-08-17T15:29:20 | WARNING  | bluefish.security | Could not fetch role for user 5df1c9d0-8bb5-543a-911b-89e9e73b841f: {'message': 'Cannot coerce the result to a single JSON object', 'code': 'PGRST116', 'hint': None, 'details': 'The result contains 0 rows'}. Defaulting to 'fisherman'.
2026-08-17T15:29:21 | INFO     | httpx | HTTP Request: GET https://dvimlywgukplssjkgvks.supabase.co/rest/v1/profiles?select=%2A&id=eq.5df1c9d0-8bb5-543a-911b-89e9e73b841f "HTTP/2 406 Not Acceptable"
2026-08-17T15:29:21 | WARNING  | bluefish.routes.auth | Profile fetch failed for 5df1c9d0-8bb5-543a-911b-89e9e73b841f: {'message': 'Cannot coerce the result to a single JSON object', 'code': 'PGRST116', 'hint': None, 'details': 'The result contains 0 rows'}
2026-08-17T15:29:21 | INFO     | httpx | HTTP Request: GET https://dvimlywgukplssjkgvks.supabase.co/rest/v1/vessels?select=mmsi%2Cvessel_type&owner_id=eq.5df1c9d0-8bb5-543a-911b-89e9e73b841f "HTTP/2 200 OK"
INFO:     127.0.0.1:51348 - "GET /api/v1/auth/me HTTP/1.1" 200 OK
2026-08-17T15:29:21 | INFO     | httpx | HTTP Request: POST https://dvimlywgukplssjkgvks.supabase.co/rest/v1/profiles "HTTP/2 409 Conflict"
2026-08-17T15:29:21 | WARNING  | bluefish.routes.auth | [DEV MODE] Skipping profile insert due to auth.users FK constraint: {'message': 'insert or update on table "profiles" violates foreign key constraint "profiles_id_fkey"', 'code': '23503', 'hint': None, 'details': 'Key (id)=(3deed487-f2ad-50d0-a10d-b9117fa2f8ff) is not present in table "users".'}
INFO:     127.0.0.1:51354 - "POST /api/v1/auth/register HTTP/1.1" 201 Created
2026-08-17T15:29:21 | INFO     | httpx | HTTP Request: GET https://dvimlywgukplssjkgvks.supabase.co/rest/v1/profiles?select=%2A&id=eq.3deed487-f2ad-50d0-a10d-b9117fa2f8ff "HTTP/2 406 Not Acceptable"
2026-08-17T15:29:21 | WARNING  | bluefish.routes.auth | [DEV MODE] Profile missing for 3deed487-f2ad-50d0-a10d-b9117fa2f8ff. Using mock data.
INFO:     127.0.0.1:51356 - "POST /api/v1/auth/login HTTP/1.1" 200 OK
2026-08-17T15:29:21 | INFO     | httpx | HTTP Request: GET https://dvimlywgukplssjkgvks.supabase.co/rest/v1/profiles?select=role&id=eq.3deed487-f2ad-50d0-a10d-b9117fa2f8ff "HTTP/2 406 Not Acceptable"
2026-08-17T15:29:21 | WARNING  | bluefish.security | Could not fetch role for user 3deed487-f2ad-50d0-a10d-b9117fa2f8ff: {'message': 'Cannot coerce the result to a single JSON object', 'code': 'PGRST116', 'hint': None, 'details': 'The result contains 0 rows'}. Defaulting to 'fisherman'.
2026-08-17T15:29:21 | INFO     | httpx | HTTP Request: GET https://dvimlywgukplssjkgvks.supabase.co/rest/v1/profiles?select=%2A&id=eq.3deed487-f2ad-50d0-a10d-b9117fa2f8ff "HTTP/2 406 Not Acceptable"
2026-08-17T15:29:21 | WARNING  | bluefish.routes.auth | Profile fetch failed for 3deed487-f2ad-50d0-a10d-b9117fa2f8ff: {'message': 'Cannot coerce the result to a single JSON object', 'code': 'PGRST116', 'hint': None, 'details': 'The result contains 0 rows'}
2026-08-17T15:29:21 | INFO     | httpx | HTTP Request: GET https://dvimlywgukplssjkgvks.supabase.co/rest/v1/vessels?select=mmsi%2Cvessel_type&owner_id=eq.3deed487-f2ad-50d0-a10d-b9117fa2f8ff "HTTP/2 200 OK"
INFO:     127.0.0.1:51366 - "GET /api/v1/auth/me HTTP/1.1" 200 OK
2026-08-17T15:29:21 | INFO     | httpx | HTTP Request: POST https://dvimlywgukplssjkgvks.supabase.co/rest/v1/profiles "HTTP/2 409 Conflict"
2026-08-17T15:29:21 | WARNING  | bluefish.routes.auth | [DEV MODE] Skipping profile insert due to auth.users FK constraint: {'message': 'insert or update on table "profiles" violates foreign key constraint "profiles_id_fkey"', 'code': '23503', 'hint': None, 'details': 'Key (id)=(1e267838-f5f0-530b-9fe1-9ea6c2881912) is not present in table "users".'}
INFO:     127.0.0.1:51382 - "POST /api/v1/auth/register HTTP/1.1" 201 Created
2026-08-17T15:29:21 | INFO     | httpx | HTTP Request: GET https://dvimlywgukplssjkgvks.supabase.co/rest/v1/profiles?select=%2A&id=eq.1e267838-f5f0-530b-9fe1-9ea6c2881912 "HTTP/2 406 Not Acceptable"
2026-08-17T15:29:21 | WARNING  | bluefish.routes.auth | [DEV MODE] Profile missing for 1e267838-f5f0-530b-9fe1-9ea6c2881912. Using mock data.
INFO:     127.0.0.1:51392 - "POST /api/v1/auth/login HTTP/1.1" 200 OK
2026-08-17T15:29:21 | INFO     | httpx | HTTP Request: GET https://dvimlywgukplssjkgvks.supabase.co/rest/v1/profiles?select=role&id=eq.1e267838-f5f0-530b-9fe1-9ea6c2881912 "HTTP/2 406 Not Acceptable"
2026-08-17T15:29:21 | WARNING  | bluefish.security | Could not fetch role for user 1e267838-f5f0-530b-9fe1-9ea6c2881912: {'message': 'Cannot coerce the result to a single JSON object', 'code': 'PGRST116', 'hint': None, 'details': 'The result contains 0 rows'}. Defaulting to 'fisherman'.
2026-08-17T15:29:21 | INFO     | httpx | HTTP Request: GET https://dvimlywgukplssjkgvks.supabase.co/rest/v1/profiles?select=%2A&id=eq.1e267838-f5f0-530b-9fe1-9ea6c2881912 "HTTP/2 406 Not Acceptable"
2026-08-17T15:29:21 | WARNING  | bluefish.routes.auth | Profile fetch failed for 1e267838-f5f0-530b-9fe1-9ea6c2881912: {'message': 'Cannot coerce the result to a single JSON object', 'code': 'PGRST116', 'hint': None, 'details': 'The result contains 0 rows'}
2026-08-17T15:29:21 | INFO     | httpx | HTTP Request: GET https://dvimlywgukplssjkgvks.supabase.co/rest/v1/vessels?select=mmsi%2Cvessel_type&owner_id=eq.1e267838-f5f0-530b-9fe1-9ea6c2881912 "HTTP/2 200 OK"
INFO:     127.0.0.1:51394 - "GET /api/v1/auth/me HTTP/1.1" 200 OK
2026-08-17T15:29:22 | INFO     | httpx | HTTP Request: POST https://dvimlywgukplssjkgvks.supabase.co/rest/v1/profiles "HTTP/2 409 Conflict"
2026-08-17T15:29:22 | WARNING  | bluefish.routes.auth | [DEV MODE] Skipping profile insert due to auth.users FK constraint: {'message': 'insert or update on table "profiles" violates foreign key constraint "profiles_id_fkey"', 'code': '23503', 'hint': None, 'details': 'Key (id)=(3a74bc9f-fd71-5ca8-9784-e6035b754d4e) is not present in table "users".'}
INFO:     127.0.0.1:42930 - "POST /api/v1/auth/register HTTP/1.1" 201 Created
2026-08-17T15:29:22 | INFO     | httpx | HTTP Request: GET https://dvimlywgukplssjkgvks.supabase.co/rest/v1/profiles?select=%2A&id=eq.3a74bc9f-fd71-5ca8-9784-e6035b754d4e "HTTP/2 406 Not Acceptable"
2026-08-17T15:29:22 | WARNING  | bluefish.routes.auth | [DEV MODE] Profile missing for 3a74bc9f-fd71-5ca8-9784-e6035b754d4e. Using mock data.
INFO:     127.0.0.1:42932 - "POST /api/v1/auth/login HTTP/1.1" 200 OK
2026-08-17T15:29:22 | INFO     | httpx | HTTP Request: GET https://dvimlywgukplssjkgvks.supabase.co/rest/v1/profiles?select=role&id=eq.3a74bc9f-fd71-5ca8-9784-e6035b754d4e "HTTP/2 406 Not Acceptable"
2026-08-17T15:29:22 | WARNING  | bluefish.security | Could not fetch role for user 3a74bc9f-fd71-5ca8-9784-e6035b754d4e: {'message': 'Cannot coerce the result to a single JSON object', 'code': 'PGRST116', 'hint': None, 'details': 'The result contains 0 rows'}. Defaulting to 'fisherman'.
2026-08-17T15:29:22 | INFO     | httpx | HTTP Request: GET https://dvimlywgukplssjkgvks.supabase.co/rest/v1/profiles?select=%2A&id=eq.3a74bc9f-fd71-5ca8-9784-e6035b754d4e "HTTP/2 406 Not Acceptable"
2026-08-17T15:29:22 | WARNING  | bluefish.routes.auth | Profile fetch failed for 3a74bc9f-fd71-5ca8-9784-e6035b754d4e: {'message': 'Cannot coerce the result to a single JSON object', 'code': 'PGRST116', 'hint': None, 'details': 'The result contains 0 rows'}
2026-08-17T15:29:22 | INFO     | httpx | HTTP Request: GET https://dvimlywgukplssjkgvks.supabase.co/rest/v1/vessels?select=mmsi%2Cvessel_type&owner_id=eq.3a74bc9f-fd71-5ca8-9784-e6035b754d4e "HTTP/2 200 OK"
INFO:     127.0.0.1:42946 - "GET /api/v1/auth/me HTTP/1.1" 200 OK
2026-08-17T15:29:22 | INFO     | httpx | HTTP Request: POST https://dvimlywgukplssjkgvks.supabase.co/rest/v1/profiles "HTTP/2 409 Conflict"
2026-08-17T15:29:22 | WARNING  | bluefish.routes.auth | [DEV MODE] Skipping profile insert due to auth.users FK constraint: {'message': 'insert or update on table "profiles" violates foreign key constraint "profiles_id_fkey"', 'code': '23503', 'hint': None, 'details': 'Key (id)=(1a7095b3-8281-578b-a5b8-ed940021b0ed) is not present in table "users".'}
INFO:     127.0.0.1:42956 - "POST /api/v1/auth/register HTTP/1.1" 201 Created
2026-08-17T15:29:22 | INFO     | httpx | HTTP Request: GET https://dvimlywgukplssjkgvks.supabase.co/rest/v1/profiles?select=%2A&id=eq.1a7095b3-8281-578b-a5b8-ed940021b0ed "HTTP/2 406 Not Acceptable"
2026-08-17T15:29:22 | WARNING  | bluefish.routes.auth | [DEV MODE] Profile missing for 1a7095b3-8281-578b-a5b8-ed940021b0ed. Using mock data.
INFO:     127.0.0.1:42968 - "POST /api/v1/auth/login HTTP/1.1" 200 OK
2026-08-17T15:29:22 | INFO     | httpx | HTTP Request: GET https://dvimlywgukplssjkgvks.supabase.co/rest/v1/profiles?select=role&id=eq.1a7095b3-8281-578b-a5b8-ed940021b0ed "HTTP/2 406 Not Acceptable"
2026-08-17T15:29:22 | WARNING  | bluefish.security | Could not fetch role for user 1a7095b3-8281-578b-a5b8-ed940021b0ed: {'message': 'Cannot coerce the result to a single JSON object', 'code': 'PGRST116', 'hint': None, 'details': 'The result contains 0 rows'}. Defaulting to 'fisherman'.
2026-08-17T15:29:22 | INFO     | httpx | HTTP Request: GET https://dvimlywgukplssjkgvks.supabase.co/rest/v1/profiles?select=%2A&id=eq.1a7095b3-8281-578b-a5b8-ed940021b0ed "HTTP/2 406 Not Acceptable"
2026-08-17T15:29:22 | WARNING  | bluefish.routes.auth | Profile fetch failed for 1a7095b3-8281-578b-a5b8-ed940021b0ed: {'message': 'Cannot coerce the result to a single JSON object', 'code': 'PGRST116', 'hint': None, 'details': 'The result contains 0 rows'}
2026-08-17T15:29:22 | INFO     | httpx | HTTP Request: GET https://dvimlywgukplssjkgvks.supabase.co/rest/v1/vessels?select=mmsi%2Cvessel_type&owner_id=eq.1a7095b3-8281-578b-a5b8-ed940021b0ed "HTTP/2 200 OK"
INFO:     127.0.0.1:42980 - "GET /api/v1/auth/me HTTP/1.1" 200 OK
2026-08-17T15:29:22 | INFO     | httpx | HTTP Request: POST https://dvimlywgukplssjkgvks.supabase.co/rest/v1/profiles "HTTP/2 409 Conflict"
2026-08-17T15:29:22 | WARNING  | bluefish.routes.auth | [DEV MODE] Skipping profile insert due to auth.users FK constraint: {'message': 'insert or update on table "profiles" violates foreign key constraint "profiles_id_fkey"', 'code': '23503', 'hint': None, 'details': 'Key (id)=(c0c87366-2f74-5119-bf67-f999fe4a1a2f) is not present in table "users".'}
INFO:     127.0.0.1:42990 - "POST /api/v1/auth/register HTTP/1.1" 201 Created
2026-08-17T15:29:23 | INFO     | httpx | HTTP Request: GET https://dvimlywgukplssjkgvks.supabase.co/rest/v1/profiles?select=%2A&id=eq.c0c87366-2f74-5119-bf67-f999fe4a1a2f "HTTP/2 406 Not Acceptable"
2026-08-17T15:29:23 | WARNING  | bluefish.routes.auth | [DEV MODE] Profile missing for c0c87366-2f74-5119-bf67-f999fe4a1a2f. Using mock data.
INFO:     127.0.0.1:42992 - "POST /api/v1/auth/login HTTP/1.1" 200 OK
2026-08-17T15:29:23 | INFO     | httpx | HTTP Request: GET https://dvimlywgukplssjkgvks.supabase.co/rest/v1/profiles?select=role&id=eq.c0c87366-2f74-5119-bf67-f999fe4a1a2f "HTTP/2 406 Not Acceptable"
2026-08-17T15:29:23 | WARNING  | bluefish.security | Could not fetch role for user c0c87366-2f74-5119-bf67-f999fe4a1a2f: {'message': 'Cannot coerce the result to a single JSON object', 'code': 'PGRST116', 'hint': None, 'details': 'The result contains 0 rows'}. Defaulting to 'fisherman'.
2026-08-17T15:29:23 | INFO     | httpx | HTTP Request: GET https://dvimlywgukplssjkgvks.supabase.co/rest/v1/profiles?select=%2A&id=eq.c0c87366-2f74-5119-bf67-f999fe4a1a2f "HTTP/2 406 Not Acceptable"
2026-08-17T15:29:23 | WARNING  | bluefish.routes.auth | Profile fetch failed for c0c87366-2f74-5119-bf67-f999fe4a1a2f: {'message': 'Cannot coerce the result to a single JSON object', 'code': 'PGRST116', 'hint': None, 'details': 'The result contains 0 rows'}
2026-08-17T15:29:23 | INFO     | httpx | HTTP Request: GET https://dvimlywgukplssjkgvks.supabase.co/rest/v1/vessels?select=mmsi%2Cvessel_type&owner_id=eq.c0c87366-2f74-5119-bf67-f999fe4a1a2f "HTTP/2 200 OK"
INFO:     127.0.0.1:42998 - "GET /api/v1/auth/me HTTP/1.1" 200 OK
2026-08-17T15:29:23 | INFO     | httpx | HTTP Request: POST https://dvimlywgukplssjkgvks.supabase.co/rest/v1/profiles "HTTP/2 409 Conflict"
2026-08-17T15:29:23 | WARNING  | bluefish.routes.auth | [DEV MODE] Skipping profile insert due to auth.users FK constraint: {'message': 'insert or update on table "profiles" violates foreign key constraint "profiles_id_fkey"', 'code': '23503', 'hint': None, 'details': 'Key (id)=(5da6b546-f5d4-5a78-8932-950aefb906a5) is not present in table "users".'}
INFO:     127.0.0.1:43008 - "POST /api/v1/auth/register HTTP/1.1" 201 Created
2026-08-17T15:29:23 | INFO     | httpx | HTTP Request: GET https://dvimlywgukplssjkgvks.supabase.co/rest/v1/profiles?select=%2A&id=eq.5da6b546-f5d4-5a78-8932-950aefb906a5 "HTTP/2 406 Not Acceptable"
2026-08-17T15:29:23 | WARNING  | bluefish.routes.auth | [DEV MODE] Profile missing for 5da6b546-f5d4-5a78-8932-950aefb906a5. Using mock data.
INFO:     127.0.0.1:43020 - "POST /api/v1/auth/login HTTP/1.1" 200 OK
2026-08-17T15:29:23 | INFO     | httpx | HTTP Request: GET https://dvimlywgukplssjkgvks.supabase.co/rest/v1/profiles?select=role&id=eq.5da6b546-f5d4-5a78-8932-950aefb906a5 "HTTP/2 406 Not Acceptable"
2026-08-17T15:29:23 | WARNING  | bluefish.security | Could not fetch role for user 5da6b546-f5d4-5a78-8932-950aefb906a5: {'message': 'Cannot coerce the result to a single JSON object', 'code': 'PGRST116', 'hint': None, 'details': 'The result contains 0 rows'}. Defaulting to 'fisherman'.
2026-08-17T15:29:23 | INFO     | httpx | HTTP Request: GET https://dvimlywgukplssjkgvks.supabase.co/rest/v1/profiles?select=%2A&id=eq.5da6b546-f5d4-5a78-8932-950aefb906a5 "HTTP/2 406 Not Acceptable"
2026-08-17T15:29:23 | WARNING  | bluefish.routes.auth | Profile fetch failed for 5da6b546-f5d4-5a78-8932-950aefb906a5: {'message': 'Cannot coerce the result to a single JSON object', 'code': 'PGRST116', 'hint': None, 'details': 'The result contains 0 rows'}
2026-08-17T15:29:23 | INFO     | httpx | HTTP Request: GET https://dvimlywgukplssjkgvks.supabase.co/rest/v1/vessels?select=mmsi%2Cvessel_type&owner_id=eq.5da6b546-f5d4-5a78-8932-950aefb906a5 "HTTP/2 200 OK"
INFO:     127.0.0.1:43030 - "GET /api/v1/auth/me HTTP/1.1" 200 OK
2026-08-17T15:29:23 | INFO     | httpx | HTTP Request: POST https://dvimlywgukplssjkgvks.supabase.co/rest/v1/profiles "HTTP/2 409 Conflict"
2026-08-17T15:29:23 | WARNING  | bluefish.routes.auth | [DEV MODE] Skipping profile insert due to auth.users FK constraint: {'message': 'insert or update on table "profiles" violates foreign key constraint "profiles_id_fkey"', 'code': '23503', 'hint': None, 'details': 'Key (id)=(b84bf048-937a-525f-8731-a0cd8597c711) is not present in table "users".'}
INFO:     127.0.0.1:43046 - "POST /api/v1/auth/register HTTP/1.1" 201 Created
2026-08-17T15:29:23 | INFO     | httpx | HTTP Request: GET https://dvimlywgukplssjkgvks.supabase.co/rest/v1/profiles?select=%2A&id=eq.b84bf048-937a-525f-8731-a0cd8597c711 "HTTP/2 406 Not Acceptable"
2026-08-17T15:29:23 | WARNING  | bluefish.routes.auth | [DEV MODE] Profile missing for b84bf048-937a-525f-8731-a0cd8597c711. Using mock data.
INFO:     127.0.0.1:43056 - "POST /api/v1/auth/login HTTP/1.1" 200 OK
2026-08-17T15:29:23 | INFO     | httpx | HTTP Request: GET https://dvimlywgukplssjkgvks.supabase.co/rest/v1/profiles?select=role&id=eq.b84bf048-937a-525f-8731-a0cd8597c711 "HTTP/2 406 Not Acceptable"
2026-08-17T15:29:23 | WARNING  | bluefish.security | Could not fetch role for user b84bf048-937a-525f-8731-a0cd8597c711: {'message': 'Cannot coerce the result to a single JSON object', 'code': 'PGRST116', 'hint': None, 'details': 'The result contains 0 rows'}. Defaulting to 'fisherman'.
2026-08-17T15:29:23 | INFO     | httpx | HTTP Request: GET https://dvimlywgukplssjkgvks.supabase.co/rest/v1/profiles?select=%2A&id=eq.b84bf048-937a-525f-8731-a0cd8597c711 "HTTP/2 406 Not Acceptable"
2026-08-17T15:29:23 | WARNING  | bluefish.routes.auth | Profile fetch failed for b84bf048-937a-525f-8731-a0cd8597c711: {'message': 'Cannot coerce the result to a single JSON object', 'code': 'PGRST116', 'hint': None, 'details': 'The result contains 0 rows'}
2026-08-17T15:29:24 | INFO     | httpx | HTTP Request: GET https://dvimlywgukplssjkgvks.supabase.co/rest/v1/vessels?select=mmsi%2Cvessel_type&owner_id=eq.b84bf048-937a-525f-8731-a0cd8597c711 "HTTP/2 200 OK"
INFO:     127.0.0.1:43072 - "GET /api/v1/auth/me HTTP/1.1" 200 OK
2026-08-17T15:29:24 | INFO     | httpx | HTTP Request: POST https://dvimlywgukplssjkgvks.supabase.co/rest/v1/profiles "HTTP/2 409 Conflict"
2026-08-17T15:29:24 | WARNING  | bluefish.routes.auth | [DEV MODE] Skipping profile insert due to auth.users FK constraint: {'message': 'insert or update on table "profiles" violates foreign key constraint "profiles_id_fkey"', 'code': '23503', 'hint': None, 'details': 'Key (id)=(99bce042-f5ab-523e-b63d-be4f9af575f4) is not present in table "users".'}
INFO:     127.0.0.1:43082 - "POST /api/v1/auth/register HTTP/1.1" 201 Created
2026-08-17T15:29:24 | INFO     | httpx | HTTP Request: GET https://dvimlywgukplssjkgvks.supabase.co/rest/v1/profiles?select=%2A&id=eq.99bce042-f5ab-523e-b63d-be4f9af575f4 "HTTP/2 406 Not Acceptable"
2026-08-17T15:29:24 | WARNING  | bluefish.routes.auth | [DEV MODE] Profile missing for 99bce042-f5ab-523e-b63d-be4f9af575f4. Using mock data.
INFO:     127.0.0.1:43098 - "POST /api/v1/auth/login HTTP/1.1" 200 OK
2026-08-17T15:29:24 | INFO     | httpx | HTTP Request: GET https://dvimlywgukplssjkgvks.supabase.co/rest/v1/profiles?select=role&id=eq.99bce042-f5ab-523e-b63d-be4f9af575f4 "HTTP/2 406 Not Acceptable"
2026-08-17T15:29:24 | WARNING  | bluefish.security | Could not fetch role for user 99bce042-f5ab-523e-b63d-be4f9af575f4: {'message': 'Cannot coerce the result to a single JSON object', 'code': 'PGRST116', 'hint': None, 'details': 'The result contains 0 rows'}. Defaulting to 'fisherman'.
2026-08-17T15:29:24 | INFO     | httpx | HTTP Request: GET https://dvimlywgukplssjkgvks.supabase.co/rest/v1/profiles?select=%2A&id=eq.99bce042-f5ab-523e-b63d-be4f9af575f4 "HTTP/2 406 Not Acceptable"
2026-08-17T15:29:24 | WARNING  | bluefish.routes.auth | Profile fetch failed for 99bce042-f5ab-523e-b63d-be4f9af575f4: {'message': 'Cannot coerce the result to a single JSON object', 'code': 'PGRST116', 'hint': None, 'details': 'The result contains 0 rows'}
2026-08-17T15:29:24 | INFO     | httpx | HTTP Request: GET https://dvimlywgukplssjkgvks.supabase.co/rest/v1/vessels?select=mmsi%2Cvessel_type&owner_id=eq.99bce042-f5ab-523e-b63d-be4f9af575f4 "HTTP/2 200 OK"
INFO:     127.0.0.1:43102 - "GET /api/v1/auth/me HTTP/1.1" 200 OK
2026-08-17T15:29:24 | INFO     | httpx | HTTP Request: POST https://dvimlywgukplssjkgvks.supabase.co/rest/v1/profiles "HTTP/2 409 Conflict"
2026-08-17T15:29:24 | WARNING  | bluefish.routes.auth | [DEV MODE] Skipping profile insert due to auth.users FK constraint: {'message': 'insert or update on table "profiles" violates foreign key constraint "profiles_id_fkey"', 'code': '23503', 'hint': None, 'details': 'Key (id)=(2e856690-0a5d-5c75-9ad0-4f61e2dddaef) is not present in table "users".'}
INFO:     127.0.0.1:43104 - "POST /api/v1/auth/register HTTP/1.1" 201 Created
2026-08-17T15:29:24 | INFO     | httpx | HTTP Request: GET https://dvimlywgukplssjkgvks.supabase.co/rest/v1/profiles?select=%2A&id=eq.2e856690-0a5d-5c75-9ad0-4f61e2dddaef "HTTP/2 406 Not Acceptable"
2026-08-17T15:29:24 | WARNING  | bluefish.routes.auth | [DEV MODE] Profile missing for 2e856690-0a5d-5c75-9ad0-4f61e2dddaef. Using mock data.
INFO:     127.0.0.1:43110 - "POST /api/v1/auth/login HTTP/1.1" 200 OK
2026-08-17T15:29:24 | INFO     | httpx | HTTP Request: GET https://dvimlywgukplssjkgvks.supabase.co/rest/v1/profiles?select=role&id=eq.2e856690-0a5d-5c75-9ad0-4f61e2dddaef "HTTP/2 406 Not Acceptable"
2026-08-17T15:29:24 | WARNING  | bluefish.security | Could not fetch role for user 2e856690-0a5d-5c75-9ad0-4f61e2dddaef: {'message': 'Cannot coerce the result to a single JSON object', 'code': 'PGRST116', 'hint': None, 'details': 'The result contains 0 rows'}. Defaulting to 'fisherman'.
2026-08-17T15:29:24 | INFO     | httpx | HTTP Request: GET https://dvimlywgukplssjkgvks.supabase.co/rest/v1/profiles?select=%2A&id=eq.2e856690-0a5d-5c75-9ad0-4f61e2dddaef "HTTP/2 406 Not Acceptable"
2026-08-17T15:29:24 | WARNING  | bluefish.routes.auth | Profile fetch failed for 2e856690-0a5d-5c75-9ad0-4f61e2dddaef: {'message': 'Cannot coerce the result to a single JSON object', 'code': 'PGRST116', 'hint': None, 'details': 'The result contains 0 rows'}
2026-08-17T15:29:24 | INFO     | httpx | HTTP Request: GET https://dvimlywgukplssjkgvks.supabase.co/rest/v1/vessels?select=mmsi%2Cvessel_type&owner_id=eq.2e856690-0a5d-5c75-9ad0-4f61e2dddaef "HTTP/2 200 OK"
INFO:     127.0.0.1:43114 - "GET /api/v1/auth/me HTTP/1.1" 200 OK
2026-08-17T15:29:25 | INFO     | httpx | HTTP Request: POST https://dvimlywgukplssjkgvks.supabase.co/rest/v1/profiles "HTTP/2 409 Conflict"
2026-08-17T15:29:25 | WARNING  | bluefish.routes.auth | [DEV MODE] Skipping profile insert due to auth.users FK constraint: {'message': 'insert or update on table "profiles" violates foreign key constraint "profiles_id_fkey"', 'code': '23503', 'hint': None, 'details': 'Key (id)=(cbc15648-a52a-51a9-8dc9-67c1acc584c2) is not present in table "users".'}
INFO:     127.0.0.1:43120 - "POST /api/v1/auth/register HTTP/1.1" 201 Created
2026-08-17T15:29:25 | INFO     | httpx | HTTP Request: GET https://dvimlywgukplssjkgvks.supabase.co/rest/v1/profiles?select=%2A&id=eq.cbc15648-a52a-51a9-8dc9-67c1acc584c2 "HTTP/2 406 Not Acceptable"
2026-08-17T15:29:25 | WARNING  | bluefish.routes.auth | [DEV MODE] Profile missing for cbc15648-a52a-51a9-8dc9-67c1acc584c2. Using mock data.
INFO:     127.0.0.1:43136 - "POST /api/v1/auth/login HTTP/1.1" 200 OK
2026-08-17T15:29:25 | INFO     | httpx | HTTP Request: GET https://dvimlywgukplssjkgvks.supabase.co/rest/v1/profiles?select=role&id=eq.cbc15648-a52a-51a9-8dc9-67c1acc584c2 "HTTP/2 406 Not Acceptable"
2026-08-17T15:29:25 | WARNING  | bluefish.security | Could not fetch role for user cbc15648-a52a-51a9-8dc9-67c1acc584c2: {'message': 'Cannot coerce the result to a single JSON object', 'code': 'PGRST116', 'hint': None, 'details': 'The result contains 0 rows'}. Defaulting to 'fisherman'.
2026-08-17T15:29:25 | INFO     | httpx | HTTP Request: GET https://dvimlywgukplssjkgvks.supabase.co/rest/v1/profiles?select=%2A&id=eq.cbc15648-a52a-51a9-8dc9-67c1acc584c2 "HTTP/2 406 Not Acceptable"
2026-08-17T15:29:25 | WARNING  | bluefish.routes.auth | Profile fetch failed for cbc15648-a52a-51a9-8dc9-67c1acc584c2: {'message': 'Cannot coerce the result to a single JSON object', 'code': 'PGRST116', 'hint': None, 'details': 'The result contains 0 rows'}
2026-08-17T15:29:25 | INFO     | httpx | HTTP Request: GET https://dvimlywgukplssjkgvks.supabase.co/rest/v1/vessels?select=mmsi%2Cvessel_type&owner_id=eq.cbc15648-a52a-51a9-8dc9-67c1acc584c2 "HTTP/2 200 OK"
INFO:     127.0.0.1:43140 - "GET /api/v1/auth/me HTTP/1.1" 200 OK
2026-08-17T15:29:25 | INFO     | httpx | HTTP Request: POST https://dvimlywgukplssjkgvks.supabase.co/rest/v1/profiles "HTTP/2 409 Conflict"
2026-08-17T15:29:25 | WARNING  | bluefish.routes.auth | [DEV MODE] Skipping profile insert due to auth.users FK constraint: {'message': 'insert or update on table "profiles" violates foreign key constraint "profiles_id_fkey"', 'code': '23503', 'hint': None, 'details': 'Key (id)=(c90e3ceb-aeae-5588-b21a-9d7e8a381cce) is not present in table "users".'}
INFO:     127.0.0.1:43144 - "POST /api/v1/auth/register HTTP/1.1" 201 Created
2026-08-17T15:29:25 | INFO     | httpx | HTTP Request: GET https://dvimlywgukplssjkgvks.supabase.co/rest/v1/profiles?select=%2A&id=eq.c90e3ceb-aeae-5588-b21a-9d7e8a381cce "HTTP/2 406 Not Acceptable"
2026-08-17T15:29:25 | WARNING  | bluefish.routes.auth | [DEV MODE] Profile missing for c90e3ceb-aeae-5588-b21a-9d7e8a381cce. Using mock data.
INFO:     127.0.0.1:43156 - "POST /api/v1/auth/login HTTP/1.1" 200 OK
2026-08-17T15:29:25 | INFO     | httpx | HTTP Request: GET https://dvimlywgukplssjkgvks.supabase.co/rest/v1/profiles?select=role&id=eq.c90e3ceb-aeae-5588-b21a-9d7e8a381cce "HTTP/2 406 Not Acceptable"
2026-08-17T15:29:25 | WARNING  | bluefish.security | Could not fetch role for user c90e3ceb-aeae-5588-b21a-9d7e8a381cce: {'message': 'Cannot coerce the result to a single JSON object', 'code': 'PGRST116', 'hint': None, 'details': 'The result contains 0 rows'}. Defaulting to 'fisherman'.
2026-08-17T15:29:25 | INFO     | httpx | HTTP Request: GET https://dvimlywgukplssjkgvks.supabase.co/rest/v1/profiles?select=%2A&id=eq.c90e3ceb-aeae-5588-b21a-9d7e8a381cce "HTTP/2 406 Not Acceptable"
2026-08-17T15:29:25 | WARNING  | bluefish.routes.auth | Profile fetch failed for c90e3ceb-aeae-5588-b21a-9d7e8a381cce: {'message': 'Cannot coerce the result to a single JSON object', 'code': 'PGRST116', 'hint': None, 'details': 'The result contains 0 rows'}
2026-08-17T15:29:25 | INFO     | httpx | HTTP Request: GET https://dvimlywgukplssjkgvks.supabase.co/rest/v1/vessels?select=mmsi%2Cvessel_type&owner_id=eq.c90e3ceb-aeae-5588-b21a-9d7e8a381cce "HTTP/2 200 OK"
INFO:     127.0.0.1:43164 - "GET /api/v1/auth/me HTTP/1.1" 200 OK
2026-08-17T15:29:25 | INFO     | httpx | HTTP Request: POST https://dvimlywgukplssjkgvks.supabase.co/rest/v1/profiles "HTTP/2 409 Conflict"
2026-08-17T15:29:25 | WARNING  | bluefish.routes.auth | [DEV MODE] Skipping profile insert due to auth.users FK constraint: {'message': 'insert or update on table "profiles" violates foreign key constraint "profiles_id_fkey"', 'code': '23503', 'hint': None, 'details': 'Key (id)=(54497834-9c52-5a8f-abb3-7e7a55c60a44) is not present in table "users".'}
INFO:     127.0.0.1:43176 - "POST /api/v1/auth/register HTTP/1.1" 201 Created
2026-08-17T15:29:25 | INFO     | httpx | HTTP Request: GET https://dvimlywgukplssjkgvks.supabase.co/rest/v1/profiles?select=%2A&id=eq.54497834-9c52-5a8f-abb3-7e7a55c60a44 "HTTP/2 406 Not Acceptable"
2026-08-17T15:29:25 | WARNING  | bluefish.routes.auth | [DEV MODE] Profile missing for 54497834-9c52-5a8f-abb3-7e7a55c60a44. Using mock data.
INFO:     127.0.0.1:43192 - "POST /api/v1/auth/login HTTP/1.1" 200 OK
2026-08-17T15:29:26 | INFO     | httpx | HTTP Request: GET https://dvimlywgukplssjkgvks.supabase.co/rest/v1/profiles?select=role&id=eq.54497834-9c52-5a8f-abb3-7e7a55c60a44 "HTTP/2 406 Not Acceptable"
2026-08-17T15:29:26 | WARNING  | bluefish.security | Could not fetch role for user 54497834-9c52-5a8f-abb3-7e7a55c60a44: {'message': 'Cannot coerce the result to a single JSON object', 'code': 'PGRST116', 'hint': None, 'details': 'The result contains 0 rows'}. Defaulting to 'fisherman'.
2026-08-17T15:29:26 | INFO     | httpx | HTTP Request: GET https://dvimlywgukplssjkgvks.supabase.co/rest/v1/profiles?select=%2A&id=eq.54497834-9c52-5a8f-abb3-7e7a55c60a44 "HTTP/2 406 Not Acceptable"
2026-08-17T15:29:26 | WARNING  | bluefish.routes.auth | Profile fetch failed for 54497834-9c52-5a8f-abb3-7e7a55c60a44: {'message': 'Cannot coerce the result to a single JSON object', 'code': 'PGRST116', 'hint': None, 'details': 'The result contains 0 rows'}
2026-08-17T15:29:26 | INFO     | httpx | HTTP Request: GET https://dvimlywgukplssjkgvks.supabase.co/rest/v1/vessels?select=mmsi%2Cvessel_type&owner_id=eq.54497834-9c52-5a8f-abb3-7e7a55c60a44 "HTTP/2 200 OK"
INFO:     127.0.0.1:43208 - "GET /api/v1/auth/me HTTP/1.1" 200 OK
2026-08-17T15:29:26 | INFO     | httpx | HTTP Request: POST https://dvimlywgukplssjkgvks.supabase.co/rest/v1/profiles "HTTP/2 409 Conflict"
2026-08-17T15:29:26 | WARNING  | bluefish.routes.auth | [DEV MODE] Skipping profile insert due to auth.users FK constraint: {'message': 'insert or update on table "profiles" violates foreign key constraint "profiles_id_fkey"', 'code': '23503', 'hint': None, 'details': 'Key (id)=(28c2623b-8861-5400-b474-7d8a92632137) is not present in table "users".'}
INFO:     127.0.0.1:43222 - "POST /api/v1/auth/register HTTP/1.1" 201 Created
2026-08-17T15:29:26 | INFO     | httpx | HTTP Request: GET https://dvimlywgukplssjkgvks.supabase.co/rest/v1/profiles?select=%2A&id=eq.28c2623b-8861-5400-b474-7d8a92632137 "HTTP/2 406 Not Acceptable"
2026-08-17T15:29:26 | WARNING  | bluefish.routes.auth | [DEV MODE] Profile missing for 28c2623b-8861-5400-b474-7d8a92632137. Using mock data.
INFO:     127.0.0.1:43232 - "POST /api/v1/auth/login HTTP/1.1" 200 OK
2026-08-17T15:29:26 | INFO     | httpx | HTTP Request: GET https://dvimlywgukplssjkgvks.supabase.co/rest/v1/profiles?select=role&id=eq.28c2623b-8861-5400-b474-7d8a92632137 "HTTP/2 406 Not Acceptable"
2026-08-17T15:29:26 | WARNING  | bluefish.security | Could not fetch role for user 28c2623b-8861-5400-b474-7d8a92632137: {'message': 'Cannot coerce the result to a single JSON object', 'code': 'PGRST116', 'hint': None, 'details': 'The result contains 0 rows'}. Defaulting to 'fisherman'.
2026-08-17T15:29:26 | INFO     | httpx | HTTP Request: GET https://dvimlywgukplssjkgvks.supabase.co/rest/v1/profiles?select=%2A&id=eq.28c2623b-8861-5400-b474-7d8a92632137 "HTTP/2 406 Not Acceptable"
2026-08-17T15:29:26 | WARNING  | bluefish.routes.auth | Profile fetch failed for 28c2623b-8861-5400-b474-7d8a92632137: {'message': 'Cannot coerce the result to a single JSON object', 'code': 'PGRST116', 'hint': None, 'details': 'The result contains 0 rows'}
2026-08-17T15:29:26 | INFO     | httpx | HTTP Request: GET https://dvimlywgukplssjkgvks.supabase.co/rest/v1/vessels?select=mmsi%2Cvessel_type&owner_id=eq.28c2623b-8861-5400-b474-7d8a92632137 "HTTP/2 200 OK"
INFO:     127.0.0.1:43234 - "GET /api/v1/auth/me HTTP/1.1" 200 OK
